Workbook

Sheet Configurações
A1: ⚙ CONFIGURAÇÕES GERAIS — PAINEL DE ACOMPANHAMENTO DE ASSESSORES
A2: Preencha o ano, o nome dos 13 assessores, a meta mensal e o saldo pulso inicial (opcional). Todo o restante — dias do mês, totais, ranking, saldos e gráficos — é calculado automaticamente nas 12 abas mensais.
A3: Ano de Referência | B3: 2026
A6: Nº | B6: Nome do Assessor | C6: Meta Mensal de Produção (R$) | D6: Saldo Pulso Inicial (R$)
A7: 1
A8: 2
A9: 3
A10: 4
A11: 5
A12: 6
A13: 7
A14: 8
A15: 9
A16: 10
A17: 11
A18: 12
A19: 13
A21: 🔒 As células em branco com borda azul são as únicas editáveis. O restante da planilha é protegido contra alterações acidentais.
A22: ℹ O Saldo Pulso Inicial é usado apenas como Saldo Anterior do dia 1 de Janeiro. Nos demais meses, o Saldo Anterior do dia 1 puxa automaticamente o último Saldo Pulso do mês anterior.

Sheet Janeiro
A1: ="ACOMPANHAMENTO DIÁRIO DE ASSESSORES — JANEIRO / "&Configurações!$B$3 | KC1: Dia | KD1: Data | KE1: Produção do Dia | KF1: Captação do Dia
A2: ="Dias no mês: "&$Z$3&" | Cada assessor ocupa 1 linha. Role para a direita para ver os dias. Apenas as células destacadas em amarelo são editáveis." | KC2: 1 | KD2: =IF(1<=$Z$3,DATE(Configurações!$B$3,1,1),"") | KE2: =SUM($I$67:$I$79) | KF2: =SUM($D$67:$D$79) | KH2: COE | KI2: =SUM($E$67:$E$79)+SUM($N$67:$N$79)+SUM($W$67:$W$79)+SUM($AF$67:$AF$79)+SUM($AO$67:$AO$79)+SUM($AX$67:$AX$79)+SUM($BG$67:$BG$79)+SUM($BP$67:$BP$79)+SUM($BY$67:$BY$79)+SUM($CH$67:$CH$79)+SUM($CQ$67:$CQ$79)+SUM($CZ$67:$CZ$79)+SUM($DI$67:$DI$79)+SUM($DR$67:$DR$79)+SUM($EA$67:$EA$79)+SUM($EJ$67:$EJ$79)+SUM($ES$67:$ES$79)+SUM($FB$67:$FB$79)+SUM($FK$67:$FK$79)+SUM($FT$67:$FT$79)+SUM($GC$67:$GC$79)+SUM($GL$67:$GL$79)+SUM($GU$67:$GU$79)+SUM($HD$67:$HD$79)+SUM($HM$67:$HM$79)+SUM($HV$67:$HV$79)+SUM($IE$67:$IE$79)+SUM($IN$67:$IN$79)+SUM($IW$67:$IW$79)+SUM($JF$67:$JF$79)+SUM($JO$67:$JO$79)
Y3: Dias no mês | Z3: =DAY(EOMONTH(DATE(Configurações!$B$3,1,1),0)) | KC3: 2 | KD3: =IF(2<=$Z$3,DATE(Configurações!$B$3,1,2),"") | KE3: =SUM($R$67:$R$79) | KF3: =SUM($M$67:$M$79) | KH3: PREVIDÊNCIA | KI3: =SUM($F$67:$F$79)+SUM($O$67:$O$79)+SUM($X$67:$X$79)+SUM($AG$67:$AG$79)+SUM($AP$67:$AP$79)+SUM($AY$67:$AY$79)+SUM($BH$67:$BH$79)+SUM($BQ$67:$BQ$79)+SUM($BZ$67:$BZ$79)+SUM($CI$67:$CI$79)+SUM($CR$67:$CR$79)+SUM($DA$67:$DA$79)+SUM($DJ$67:$DJ$79)+SUM($DS$67:$DS$79)+SUM($EB$67:$EB$79)+SUM($EK$67:$EK$79)+SUM($ET$67:$ET$79)+SUM($FC$67:$FC$79)+SUM($FL$67:$FL$79)+SUM($FU$67:$FU$79)+SUM($GD$67:$GD$79)+SUM($GM$67:$GM$79)+SUM($GV$67:$GV$79)+SUM($HE$67:$HE$79)+SUM($HN$67:$HN$79)+SUM($HW$67:$HW$79)+SUM($IF$67:$IF$79)+SUM($IO$67:$IO$79)+SUM($IX$67:$IX$79)+SUM($JG$67:$JG$79)+SUM($JP$67:$JP$79)
A4: 📊 INDICADORES DO MÊS | KC4: 3 | KD4: =IF(3<=$Z$3,DATE(Configurações!$B$3,1,3),"") | KE4: =SUM($AA$67:$AA$79) | KF4: =SUM($V$67:$V$79) | KH4: CRÉDITO PRIVADO | KI4: =SUM($G$67:$G$79)+SUM($P$67:$P$79)+SUM($Y$67:$Y$79)+SUM($AH$67:$AH$79)+SUM($AQ$67:$AQ$79)+SUM($AZ$67:$AZ$79)+SUM($BI$67:$BI$79)+SUM($BR$67:$BR$79)+SUM($CA$67:$CA$79)+SUM($CJ$67:$CJ$79)+SUM($CS$67:$CS$79)+SUM($DB$67:$DB$79)+SUM($DK$67:$DK$79)+SUM($DT$67:$DT$79)+SUM($EC$67:$EC$79)+SUM($EL$67:$EL$79)+SUM($EU$67:$EU$79)+SUM($FD$67:$FD$79)+SUM($FM$67:$FM$79)+SUM($FV$67:$FV$79)+SUM($GE$67:$GE$79)+SUM($GN$67:$GN$79)+SUM($GW$67:$GW$79)+SUM($HF$67:$HF$79)+SUM($HO$67:$HO$79)+SUM($HX$67:$HX$79)+SUM($IG$67:$IG$79)+SUM($IP$67:$IP$79)+SUM($IY$67:$IY$79)+SUM($JH$67:$JH$79)+SUM($JQ$67:$JQ$79)
A5: PRODUÇÃO TOTAL DO MÊS | C5: CAPTAÇÃO LÍQUIDA DO MÊS | E5: SALDO PULSO TOTAL (ATUAL) | G5: MÉDIA DIÁRIA DA EQUIPE | I5: MELHOR DIA DE PRODUÇÃO | K5: MELHOR ASSESSOR DO MÊS | KC5: 4 | KD5: =IF(4<=$Z$3,DATE(Configurações!$B$3,1,4),"") | KE5: =SUM($AJ$67:$AJ$79) | KF5: =SUM($AE$67:$AE$79) | KH5: TÍTULOS PÚBLICOS | KI5: =SUM($H$67:$H$79)+SUM($Q$67:$Q$79)+SUM($Z$67:$Z$79)+SUM($AI$67:$AI$79)+SUM($AR$67:$AR$79)+SUM($BA$67:$BA$79)+SUM($BJ$67:$BJ$79)+SUM($BS$67:$BS$79)+SUM($CB$67:$CB$79)+SUM($CK$67:$CK$79)+SUM($CT$67:$CT$79)+SUM($DC$67:$DC$79)+SUM($DL$67:$DL$79)+SUM($DU$67:$DU$79)+SUM($ED$67:$ED$79)+SUM($EM$67:$EM$79)+SUM($EV$67:$EV$79)+SUM($FE$67:$FE$79)+SUM($FN$67:$FN$79)+SUM($FW$67:$FW$79)+SUM($GF$67:$GF$79)+SUM($GO$67:$GO$79)+SUM($GX$67:$GX$79)+SUM($HG$67:$HG$79)+SUM($HP$67:$HP$79)+SUM($HY$67:$HY$79)+SUM($IH$67:$IH$79)+SUM($IQ$67:$IQ$79)+SUM($IZ$67:$IZ$79)+SUM($JI$67:$JI$79)+SUM($JR$67:$JR$79)
A6: =SUM($JU$67:$JU$79) | C6: =SUM($JV$67:$JV$79) | E6: =SUM($JW$67:$JW$79) | G6: =IFERROR(SUM($JU$67:$JU$79)/$Z$3,0) | I6: =IFERROR("Dia "&TEXT(INDEX($KD$2:$KD$32,MATCH(MAX($KE$2:$KE$32),$KE$2:$KE$32,0)),"dd/mm")&" - "&TEXT(MAX($KE$2:$KE$32),"R$ #,##0"),"—") | K6: =IFERROR($B$14&" - "&TEXT($C$14,"R$ #,##0"),"—") | KC6: 5 | KD6: =IF(5<=$Z$3,DATE(Configurações!$B$3,1,5),"") | KE6: =SUM($AS$67:$AS$79) | KF6: =SUM($AN$67:$AN$79)
KC7: 6 | KD7: =IF(6<=$Z$3,DATE(Configurações!$B$3,1,6),"") | KE7: =SUM($BB$67:$BB$79) | KF7: =SUM($AW$67:$AW$79)
A8: 💰 TOTAIS POR PRODUTO | KC8: 7 | KD8: =IF(7<=$Z$3,DATE(Configurações!$B$3,1,7),"") | KE8: =SUM($BK$67:$BK$79) | KF8: =SUM($BF$67:$BF$79)
A9: COE | D9: PREVIDÊNCIA | G9: CRÉDITO PRIVADO | J9: TÍTULOS PÚBLICOS | KC9: 8 | KD9: =IF(8<=$Z$3,DATE(Configurações!$B$3,1,8),"") | KE9: =SUM($BT$67:$BT$79) | KF9: =SUM($BO$67:$BO$79)
A10: =SUM($E$67:$E$79)+SUM($N$67:$N$79)+SUM($W$67:$W$79)+SUM($AF$67:$AF$79)+SUM($AO$67:$AO$79)+SUM($AX$67:$AX$79)+SUM($BG$67:$BG$79)+SUM($BP$67:$BP$79)+SUM($BY$67:$BY$79)+SUM($CH$67:$CH$79)+SUM($CQ$67:$CQ$79)+SUM($CZ$67:$CZ$79)+SUM($DI$67:$DI$79)+SUM($DR$67:$DR$79)+SUM($EA$67:$EA$79)+SUM($EJ$67:$EJ$79)+SUM($ES$67:$ES$79)+SUM($FB$67:$FB$79)+SUM($FK$67:$FK$79)+SUM($FT$67:$FT$79)+SUM($GC$67:$GC$79)+SUM($GL$67:$GL$79)+SUM($GU$67:$GU$79)+SUM($HD$67:$HD$79)+SUM($HM$67:$HM$79)+SUM($HV$67:$HV$79)+SUM($IE$67:$IE$79)+SUM($IN$67:$IN$79)+SUM($IW$67:$IW$79)+SUM($JF$67:$JF$79)+SUM($JO$67:$JO$79) | D10: =SUM($F$67:$F$79)+SUM($O$67:$O$79)+SUM($X$67:$X$79)+SUM($AG$67:$AG$79)+SUM($AP$67:$AP$79)+SUM($AY$67:$AY$79)+SUM($BH$67:$BH$79)+SUM($BQ$67:$BQ$79)+SUM($BZ$67:$BZ$79)+SUM($CI$67:$CI$79)+SUM($CR$67:$CR$79)+SUM($DA$67:$DA$79)+SUM($DJ$67:$DJ$79)+SUM($DS$67:$DS$79)+SUM($EB$67:$EB$79)+SUM($EK$67:$EK$79)+SUM($ET$67:$ET$79)+SUM($FC$67:$FC$79)+SUM($FL$67:$FL$79)+SUM($FU$67:$FU$79)+SUM($GD$67:$GD$79)+SUM($GM$67:$GM$79)+SUM($GV$67:$GV$79)+SUM($HE$67:$HE$79)+SUM($HN$67:$HN$79)+SUM($HW$67:$HW$79)+SUM($IF$67:$IF$79)+SUM($IO$67:$IO$79)+SUM($IX$67:$IX$79)+SUM($JG$67:$JG$79)+SUM($JP$67:$JP$79) | G10: =SUM($G$67:$G$79)+SUM($P$67:$P$79)+SUM($Y$67:$Y$79)+SUM($AH$67:$AH$79)+SUM($AQ$67:$AQ$79)+SUM($AZ$67:$AZ$79)+SUM($BI$67:$BI$79)+SUM($BR$67:$BR$79)+SUM($CA$67:$CA$79)+SUM($CJ$67:$CJ$79)+SUM($CS$67:$CS$79)+SUM($DB$67:$DB$79)+SUM($DK$67:$DK$79)+SUM($DT$67:$DT$79)+SUM($EC$67:$EC$79)+SUM($EL$67:$EL$79)+SUM($EU$67:$EU$79)+SUM($FD$67:$FD$79)+SUM($FM$67:$FM$79)+SUM($FV$67:$FV$79)+SUM($GE$67:$GE$79)+SUM($GN$67:$GN$79)+SUM($GW$67:$GW$79)+SUM($HF$67:$HF$79)+SUM($HO$67:$HO$79)+SUM($HX$67:$HX$79)+SUM($IG$67:$IG$79)+SUM($IP$67:$IP$79)+SUM($IY$67:$IY$79)+SUM($JH$67:$JH$79)+SUM($JQ$67:$JQ$79) | J10: =SUM($H$67:$H$79)+SUM($Q$67:$Q$79)+SUM($Z$67:$Z$79)+SUM($AI$67:$AI$79)+SUM($AR$67:$AR$79)+SUM($BA$67:$BA$79)+SUM($BJ$67:$BJ$79)+SUM($BS$67:$BS$79)+SUM($CB$67:$CB$79)+SUM($CK$67:$CK$79)+SUM($CT$67:$CT$79)+SUM($DC$67:$DC$79)+SUM($DL$67:$DL$79)+SUM($DU$67:$DU$79)+SUM($ED$67:$ED$79)+SUM($EM$67:$EM$79)+SUM($EV$67:$EV$79)+SUM($FE$67:$FE$79)+SUM($FN$67:$FN$79)+SUM($FW$67:$FW$79)+SUM($GF$67:$GF$79)+SUM($GO$67:$GO$79)+SUM($GX$67:$GX$79)+SUM($HG$67:$HG$79)+SUM($HP$67:$HP$79)+SUM($HY$67:$HY$79)+SUM($IH$67:$IH$79)+SUM($IQ$67:$IQ$79)+SUM($IZ$67:$IZ$79)+SUM($JI$67:$JI$79)+SUM($JR$67:$JR$79) | KC10: 9 | KD10: =IF(9<=$Z$3,DATE(Configurações!$B$3,1,9),"") | KE10: =SUM($CC$67:$CC$79) | KF10: =SUM($BX$67:$BX$79)
KC11: 10 | KD11: =IF(10<=$Z$3,DATE(Configurações!$B$3,1,10),"") | KE11: =SUM($CL$67:$CL$79) | KF11: =SUM($CG$67:$CG$79)
A12: 🏆 RANKING DE ASSESSORES (TOP 5 EM DESTAQUE) | KC12: 11 | KD12: =IF(11<=$Z$3,DATE(Configurações!$B$3,1,11),"") | KE12: =SUM($CU$67:$CU$79) | KF12: =SUM($CP$67:$CP$79)
A13: Pos. | B13: Assessor | C13: Produção Total | D13: Captação Líquida | E13: Saldo Pulso Atual | F13: Média Diária | G13: Meta Mensal | H13: Status | KC13: 12 | KD13: =IF(12<=$Z$3,DATE(Configurações!$B$3,1,12),"") | KE13: =SUM($DD$67:$DD$79) | KF13: =SUM($CY$67:$CY$79)
A14: 1 | B14: =INDEX($A$67:$A$79,MATCH(LARGE($KA$67:$KA$79,1),$KA$67:$KA$79,0)) | C14: =INDEX($JU$67:$JU$79,MATCH(LARGE($KA$67:$KA$79,1),$KA$67:$KA$79,0)) | D14: =INDEX($JV$67:$JV$79,MATCH(LARGE($KA$67:$KA$79,1),$KA$67:$KA$79,0)) | E14: =INDEX($JW$67:$JW$79,MATCH(LARGE($KA$67:$KA$79,1),$KA$67:$KA$79,0)) | F14: =INDEX($JX$67:$JX$79,MATCH(LARGE($KA$67:$KA$79,1),$KA$67:$KA$79,0)) | G14: =INDEX($JY$67:$JY$79,MATCH(LARGE($KA$67:$KA$79,1),$KA$67:$KA$79,0)) | H14: =IF(G14=0,"— Sem meta",IF(C14>=G14,"✓ Meta atingida","Em andamento")) | KC14: 13 | KD14: =IF(13<=$Z$3,DATE(Configurações!$B$3,1,13),"") | KE14: =SUM($DM$67:$DM$79) | KF14: =SUM($DH$67:$DH$79)
A15: 2 | B15: =INDEX($A$67:$A$79,MATCH(LARGE($KA$67:$KA$79,2),$KA$67:$KA$79,0)) | C15: =INDEX($JU$67:$JU$79,MATCH(LARGE($KA$67:$KA$79,2),$KA$67:$KA$79,0)) | D15: =INDEX($JV$67:$JV$79,MATCH(LARGE($KA$67:$KA$79,2),$KA$67:$KA$79,0)) | E15: =INDEX($JW$67:$JW$79,MATCH(LARGE($KA$67:$KA$79,2),$KA$67:$KA$79,0)) | F15: =INDEX($JX$67:$JX$79,MATCH(LARGE($KA$67:$KA$79,2),$KA$67:$KA$79,0)) | G15: =INDEX($JY$67:$JY$79,MATCH(LARGE($KA$67:$KA$79,2),$KA$67:$KA$79,0)) | H15: =IF(G15=0,"— Sem meta",IF(C15>=G15,"✓ Meta atingida","Em andamento")) | KC15: 14 | KD15: =IF(14<=$Z$3,DATE(Configurações!$B$3,1,14),"") | KE15: =SUM($DV$67:$DV$79) | KF15: =SUM($DQ$67:$DQ$79)
A16: 3 | B16: =INDEX($A$67:$A$79,MATCH(LARGE($KA$67:$KA$79,3),$KA$67:$KA$79,0)) | C16: =INDEX($JU$67:$JU$79,MATCH(LARGE($KA$67:$KA$79,3),$KA$67:$KA$79,0)) | D16: =INDEX($JV$67:$JV$79,MATCH(LARGE($KA$67:$KA$79,3),$KA$67:$KA$79,0)) | E16: =INDEX($JW$67:$JW$79,MATCH(LARGE($KA$67:$KA$79,3),$KA$67:$KA$79,0)) | F16: =INDEX($JX$67:$JX$79,MATCH(LARGE($KA$67:$KA$79,3),$KA$67:$KA$79,0)) | G16: =INDEX($JY$67:$JY$79,MATCH(LARGE($KA$67:$KA$79,3),$KA$67:$KA$79,0)) | H16: =IF(G16=0,"— Sem meta",IF(C16>=G16,"✓ Meta atingida","Em andamento")) | KC16: 15 | KD16: =IF(15<=$Z$3,DATE(Configurações!$B$3,1,15),"") | KE16: =SUM($EE$67:$EE$79) | KF16: =SUM($DZ$67:$DZ$79)
A17: 4 | B17: =INDEX($A$67:$A$79,MATCH(LARGE($KA$67:$KA$79,4),$KA$67:$KA$79,0)) | C17: =INDEX($JU$67:$JU$79,MATCH(LARGE($KA$67:$KA$79,4),$KA$67:$KA$79,0)) | D17: =INDEX($JV$67:$JV$79,MATCH(LARGE($KA$67:$KA$79,4),$KA$67:$KA$79,0)) | E17: =INDEX($JW$67:$JW$79,MATCH(LARGE($KA$67:$KA$79,4),$KA$67:$KA$79,0)) | F17: =INDEX($JX$67:$JX$79,MATCH(LARGE($KA$67:$KA$79,4),$KA$67:$KA$79,0)) | G17: =INDEX($JY$67:$JY$79,MATCH(LARGE($KA$67:$KA$79,4),$KA$67:$KA$79,0)) | H17: =IF(G17=0,"— Sem meta",IF(C17>=G17,"✓ Meta atingida","Em andamento")) | KC17: 16 | KD17: =IF(16<=$Z$3,DATE(Configurações!$B$3,1,16),"") | KE17: =SUM($EN$67:$EN$79) | KF17: =SUM($EI$67:$EI$79)
A18: 5 | B18: =INDEX($A$67:$A$79,MATCH(LARGE($KA$67:$KA$79,5),$KA$67:$KA$79,0)) | C18: =INDEX($JU$67:$JU$79,MATCH(LARGE($KA$67:$KA$79,5),$KA$67:$KA$79,0)) | D18: =INDEX($JV$67:$JV$79,MATCH(LARGE($KA$67:$KA$79,5),$KA$67:$KA$79,0)) | E18: =INDEX($JW$67:$JW$79,MATCH(LARGE($KA$67:$KA$79,5),$KA$67:$KA$79,0)) | F18: =INDEX($JX$67:$JX$79,MATCH(LARGE($KA$67:$KA$79,5),$KA$67:$KA$79,0)) | G18: =INDEX($JY$67:$JY$79,MATCH(LARGE($KA$67:$KA$79,5),$KA$67:$KA$79,0)) | H18: =IF(G18=0,"— Sem meta",IF(C18>=G18,"✓ Meta atingida","Em andamento")) | KC18: 17 | KD18: =IF(17<=$Z$3,DATE(Configurações!$B$3,1,17),"") | KE18: =SUM($EW$67:$EW$79) | KF18: =SUM($ER$67:$ER$79)
A19: 6 | B19: =INDEX($A$67:$A$79,MATCH(LARGE($KA$67:$KA$79,6),$KA$67:$KA$79,0)) | C19: =INDEX($JU$67:$JU$79,MATCH(LARGE($KA$67:$KA$79,6),$KA$67:$KA$79,0)) | D19: =INDEX($JV$67:$JV$79,MATCH(LARGE($KA$67:$KA$79,6),$KA$67:$KA$79,0)) | E19: =INDEX($JW$67:$JW$79,MATCH(LARGE($KA$67:$KA$79,6),$KA$67:$KA$79,0)) | F19: =INDEX($JX$67:$JX$79,MATCH(LARGE($KA$67:$KA$79,6),$KA$67:$KA$79,0)) | G19: =INDEX($JY$67:$JY$79,MATCH(LARGE($KA$67:$KA$79,6),$KA$67:$KA$79,0)) | H19: =IF(G19=0,"— Sem meta",IF(C19>=G19,"✓ Meta atingida","Em andamento")) | KC19: 18 | KD19: =IF(18<=$Z$3,DATE(Configurações!$B$3,1,18),"") | KE19: =SUM($FF$67:$FF$79) | KF19: =SUM($FA$67:$FA$79)
A20: 7 | B20: =INDEX($A$67:$A$79,MATCH(LARGE($KA$67:$KA$79,7),$KA$67:$KA$79,0)) | C20: =INDEX($JU$67:$JU$79,MATCH(LARGE($KA$67:$KA$79,7),$KA$67:$KA$79,0)) | D20: =INDEX($JV$67:$JV$79,MATCH(LARGE($KA$67:$KA$79,7),$KA$67:$KA$79,0)) | E20: =INDEX($JW$67:$JW$79,MATCH(LARGE($KA$67:$KA$79,7),$KA$67:$KA$79,0)) | F20: =INDEX($JX$67:$JX$79,MATCH(LARGE($KA$67:$KA$79,7),$KA$67:$KA$79,0)) | G20: =INDEX($JY$67:$JY$79,MATCH(LARGE($KA$67:$KA$79,7),$KA$67:$KA$79,0)) | H20: =IF(G20=0,"— Sem meta",IF(C20>=G20,"✓ Meta atingida","Em andamento")) | KC20: 19 | KD20: =IF(19<=$Z$3,DATE(Configurações!$B$3,1,19),"") | KE20: =SUM($FO$67:$FO$79) | KF20: =SUM($FJ$67:$FJ$79)
A21: 8 | B21: =INDEX($A$67:$A$79,MATCH(LARGE($KA$67:$KA$79,8),$KA$67:$KA$79,0)) | C21: =INDEX($JU$67:$JU$79,MATCH(LARGE($KA$67:$KA$79,8),$KA$67:$KA$79,0)) | D21: =INDEX($JV$67:$JV$79,MATCH(LARGE($KA$67:$KA$79,8),$KA$67:$KA$79,0)) | E21: =INDEX($JW$67:$JW$79,MATCH(LARGE($KA$67:$KA$79,8),$KA$67:$KA$79,0)) | F21: =INDEX($JX$67:$JX$79,MATCH(LARGE($KA$67:$KA$79,8),$KA$67:$KA$79,0)) | G21: =INDEX($JY$67:$JY$79,MATCH(LARGE($KA$67:$KA$79,8),$KA$67:$KA$79,0)) | H21: =IF(G21=0,"— Sem meta",IF(C21>=G21,"✓ Meta atingida","Em andamento")) | KC21: 20 | KD21: =IF(20<=$Z$3,DATE(Configurações!$B$3,1,20),"") | KE21: =SUM($FX$67:$FX$79) | KF21: =SUM($FS$67:$FS$79)
A22: 9 | B22: =INDEX($A$67:$A$79,MATCH(LARGE($KA$67:$KA$79,9),$KA$67:$KA$79,0)) | C22: =INDEX($JU$67:$JU$79,MATCH(LARGE($KA$67:$KA$79,9),$KA$67:$KA$79,0)) | D22: =INDEX($JV$67:$JV$79,MATCH(LARGE($KA$67:$KA$79,9),$KA$67:$KA$79,0)) | E22: =INDEX($JW$67:$JW$79,MATCH(LARGE($KA$67:$KA$79,9),$KA$67:$KA$79,0)) | F22: =INDEX($JX$67:$JX$79,MATCH(LARGE($KA$67:$KA$79,9),$KA$67:$KA$79,0)) | G22: =INDEX($JY$67:$JY$79,MATCH(LARGE($KA$67:$KA$79,9),$KA$67:$KA$79,0)) | H22: =IF(G22=0,"— Sem meta",IF(C22>=G22,"✓ Meta atingida","Em andamento")) | KC22: 21 | KD22: =IF(21<=$Z$3,DATE(Configurações!$B$3,1,21),"") | KE22: =SUM($GG$67:$GG$79) | KF22: =SUM($GB$67:$GB$79)
A23: 10 | B23: =INDEX($A$67:$A$79,MATCH(LARGE($KA$67:$KA$79,10),$KA$67:$KA$79,0)) | C23: =INDEX($JU$67:$JU$79,MATCH(LARGE($KA$67:$KA$79,10),$KA$67:$KA$79,0)) | D23: =INDEX($JV$67:$JV$79,MATCH(LARGE($KA$67:$KA$79,10),$KA$67:$KA$79,0)) | E23: =INDEX($JW$67:$JW$79,MATCH(LARGE($KA$67:$KA$79,10),$KA$67:$KA$79,0)) | F23: =INDEX($JX$67:$JX$79,MATCH(LARGE($KA$67:$KA$79,10),$KA$67:$KA$79,0)) | G23: =INDEX($JY$67:$JY$79,MATCH(LARGE($KA$67:$KA$79,10),$KA$67:$KA$79,0)) | H23: =IF(G23=0,"— Sem meta",IF(C23>=G23,"✓ Meta atingida","Em andamento")) | KC23: 22 | KD23: =IF(22<=$Z$3,DATE(Configurações!$B$3,1,22),"") | KE23: =SUM($GP$67:$GP$79) | KF23: =SUM($GK$67:$GK$79)
A24: 11 | B24: =INDEX($A$67:$A$79,MATCH(LARGE($KA$67:$KA$79,11),$KA$67:$KA$79,0)) | C24: =INDEX($JU$67:$JU$79,MATCH(LARGE($KA$67:$KA$79,11),$KA$67:$KA$79,0)) | D24: =INDEX($JV$67:$JV$79,MATCH(LARGE($KA$67:$KA$79,11),$KA$67:$KA$79,0)) | E24: =INDEX($JW$67:$JW$79,MATCH(LARGE($KA$67:$KA$79,11),$KA$67:$KA$79,0)) | F24: =INDEX($JX$67:$JX$79,MATCH(LARGE($KA$67:$KA$79,11),$KA$67:$KA$79,0)) | G24: =INDEX($JY$67:$JY$79,MATCH(LARGE($KA$67:$KA$79,11),$KA$67:$KA$79,0)) | H24: =IF(G24=0,"— Sem meta",IF(C24>=G24,"✓ Meta atingida","Em andamento")) | KC24: 23 | KD24: =IF(23<=$Z$3,DATE(Configurações!$B$3,1,23),"") | KE24: =SUM($GY$67:$GY$79) | KF24: =SUM($GT$67:$GT$79)
A25: 12 | B25: =INDEX($A$67:$A$79,MATCH(LARGE($KA$67:$KA$79,12),$KA$67:$KA$79,0)) | C25: =INDEX($JU$67:$JU$79,MATCH(LARGE($KA$67:$KA$79,12),$KA$67:$KA$79,0)) | D25: =INDEX($JV$67:$JV$79,MATCH(LARGE($KA$67:$KA$79,12),$KA$67:$KA$79,0)) | E25: =INDEX($JW$67:$JW$79,MATCH(LARGE($KA$67:$KA$79,12),$KA$67:$KA$79,0)) | F25: =INDEX($JX$67:$JX$79,MATCH(LARGE($KA$67:$KA$79,12),$KA$67:$KA$79,0)) | G25: =INDEX($JY$67:$JY$79,MATCH(LARGE($KA$67:$KA$79,12),$KA$67:$KA$79,0)) | H25: =IF(G25=0,"— Sem meta",IF(C25>=G25,"✓ Meta atingida","Em andamento")) | KC25: 24 | KD25: =IF(24<=$Z$3,DATE(Configurações!$B$3,1,24),"") | KE25: =SUM($HH$67:$HH$79) | KF25: =SUM($HC$67:$HC$79)
A26: 13 | B26: =INDEX($A$67:$A$79,MATCH(LARGE($KA$67:$KA$79,13),$KA$67:$KA$79,0)) | C26: =INDEX($JU$67:$JU$79,MATCH(LARGE($KA$67:$KA$79,13),$KA$67:$KA$79,0)) | D26: =INDEX($JV$67:$JV$79,MATCH(LARGE($KA$67:$KA$79,13),$KA$67:$KA$79,0)) | E26: =INDEX($JW$67:$JW$79,MATCH(LARGE($KA$67:$KA$79,13),$KA$67:$KA$79,0)) | F26: =INDEX($JX$67:$JX$79,MATCH(LARGE($KA$67:$KA$79,13),$KA$67:$KA$79,0)) | G26: =INDEX($JY$67:$JY$79,MATCH(LARGE($KA$67:$KA$79,13),$KA$67:$KA$79,0)) | H26: =IF(G26=0,"— Sem meta",IF(C26>=G26,"✓ Meta atingida","Em andamento")) | KC26: 25 | KD26: =IF(25<=$Z$3,DATE(Configurações!$B$3,1,25),"") | KE26: =SUM($HQ$67:$HQ$79) | KF26: =SUM($HL$67:$HL$79)
KC27: 26 | KD27: =IF(26<=$Z$3,DATE(Configurações!$B$3,1,26),"") | KE27: =SUM($HZ$67:$HZ$79) | KF27: =SUM($HU$67:$HU$79)
KC28: 27 | KD28: =IF(27<=$Z$3,DATE(Configurações!$B$3,1,27),"") | KE28: =SUM($II$67:$II$79) | KF28: =SUM($ID$67:$ID$79)
KC29: 28 | KD29: =IF(28<=$Z$3,DATE(Configurações!$B$3,1,28),"") | KE29: =SUM($IR$67:$IR$79) | KF29: =SUM($IM$67:$IM$79)
KC30: 29 | KD30: =IF(29<=$Z$3,DATE(Configurações!$B$3,1,29),"") | KE30: =SUM($JA$67:$JA$79) | KF30: =SUM($IV$67:$IV$79)
KC31: 30 | KD31: =IF(30<=$Z$3,DATE(Configurações!$B$3,1,30),"") | KE31: =SUM($JJ$67:$JJ$79) | KF31: =SUM($JE$67:$JE$79)
KC32: 31 | KD32: =IF(31<=$Z$3,DATE(Configurações!$B$3,1,31),"") | KE32: =SUM($JS$67:$JS$79) | KF32: =SUM($JN$67:$JN$79)
A64: 📋 LANÇAMENTOS DIÁRIOS POR ASSESSOR (role para a direita)
A65: Assessor | B65: ="Dia 1 — "&IF(1<=$Z$3,TEXT(DATE(Configurações!$B$3,1,1),"dd/mm")&" ("&CHOOSE(WEEKDAY(DATE(Configurações!$B$3,1,1)),"Dom","Seg","Ter","Qua","Qui","Sex","Sáb")&")","—") | K65: ="Dia 2 — "&IF(2<=$Z$3,TEXT(DATE(Configurações!$B$3,1,2),"dd/mm")&" ("&CHOOSE(WEEKDAY(DATE(Configurações!$B$3,1,2)),"Dom","Seg","Ter","Qua","Qui","Sex","Sáb")&")","—") | T65: ="Dia 3 — "&IF(3<=$Z$3,TEXT(DATE(Configurações!$B$3,1,3),"dd/mm")&" ("&CHOOSE(WEEKDAY(DATE(Configurações!$B$3,1,3)),"Dom","Seg","Ter","Qua","Qui","Sex","Sáb")&")","—") | AC65: ="Dia 4 — "&IF(4<=$Z$3,TEXT(DATE(Configurações!$B$3,1,4),"dd/mm")&" ("&CHOOSE(WEEKDAY(DATE(Configurações!$B$3,1,4)),"Dom","Seg","Ter","Qua","Qui","Sex","Sáb")&")","—") | AL65: ="Dia 5 — "&IF(5<=$Z$3,TEXT(DATE(Configurações!$B$3,1,5),"dd/mm")&" ("&CHOOSE(WEEKDAY(DATE(Configurações!$B$3,1,5)),"Dom","Seg","Ter","Qua","Qui","Sex","Sáb")&")","—") | AU65: ="Dia 6 — "&IF(6<=$Z$3,TEXT(DATE(Configurações!$B$3,1,6),"dd/mm")&" ("&CHOOSE(WEEKDAY(DATE(Configurações!$B$3,1,6)),"Dom","Seg","Ter","Qua","Qui","Sex","Sáb")&")","—") | BD65: ="Dia 7 — "&IF(7<=$Z$3,TEXT(DATE(Configurações!$B$3,1,7),"dd/mm")&" ("&CHOOSE(WEEKDAY(DATE(Configurações!$B$3,1,7)),"Dom","Seg","Ter","Qua","Qui","Sex","Sáb")&")","—") | BM65: ="Dia 8 — "&IF(8<=$Z$3,TEXT(DATE(Configurações!$B$3,1,8),"dd/mm")&" ("&CHOOSE(WEEKDAY(DATE(Configurações!$B$3,1,8)),"Dom","Seg","Ter","Qua","Qui","Sex","Sáb")&")","—") | BV65: ="Dia 9 — "&IF(9<=$Z$3,TEXT(DATE(Configurações!$B$3,1,9),"dd/mm")&" ("&CHOOSE(WEEKDAY(DATE(Configurações!$B$3,1,9)),"Dom","Seg","Ter","Qua","Qui","Sex","Sáb")&")","—") | CE65: ="Dia 10 — "&IF(10<=$Z$3,TEXT(DATE(Configurações!$B$3,1,10),"dd/mm")&" ("&CHOOSE(WEEKDAY(DATE(Configurações!$B$3,1,10)),"Dom","Seg","Ter","Qua","Qui","Sex","Sáb")&")","—") | CN65: ="Dia 11 — "&IF(11<=$Z$3,TEXT(DATE(Configurações!$B$3,1,11),"dd/mm")&" ("&CHOOSE(WEEKDAY(DATE(Configurações!$B$3,1,11)),"Dom","Seg","Ter","Qua","Qui","Sex","Sáb")&")","—") | CW65: ="Dia 12 — "&IF(12<=$Z$3,TEXT(DATE(Configurações!$B$3,1,12),"dd/mm")&" ("&CHOOSE(WEEKDAY(DATE(Configurações!$B$3,1,12)),"Dom","Seg","Ter","Qua","Qui","Sex","Sáb")&")","—") | DF65: ="Dia 13 — "&IF(13<=$Z$3,TEXT(DATE(Configurações!$B$3,1,13),"dd/mm")&" ("&CHOOSE(WEEKDAY(DATE(Configurações!$B$3,1,13)),"Dom","Seg","Ter","Qua","Qui","Sex","Sáb")&")","—") | DO65: ="Dia 14 — "&IF(14<=$Z$3,TEXT(DATE(Configurações!$B$3,1,14),"dd/mm")&" ("&CHOOSE(WEEKDAY(DATE(Configurações!$B$3,1,14)),"Dom","Seg","Ter","Qua","Qui","Sex","Sáb")&")","—") | DX65: ="Dia 15 — "&IF(15<=$Z$3,TEXT(DATE(Configurações!$B$3,1,15),"dd/mm")&" ("&CHOOSE(WEEKDAY(DATE(Configurações!$B$3,1,15)),"Dom","Seg","Ter","Qua","Qui","Sex","Sáb")&")","—") | EG65: ="Dia 16 — "&IF(16<=$Z$3,TEXT(DATE(Configurações!$B$3,1,16),"dd/mm")&" ("&CHOOSE(WEEKDAY(DATE(Configurações!$B$3,1,16)),"Dom","Seg","Ter","Qua","Qui","Sex","Sáb")&")","—") | EP65: ="Dia 17 — "&IF(17<=$Z$3,TEXT(DATE(Configurações!$B$3,1,17),"dd/mm")&" ("&CHOOSE(WEEKDAY(DATE(Configurações!$B$3,1,17)),"Dom","Seg","Ter","Qua","Qui","Sex","Sáb")&")","—") | EY65: ="Dia 18 — "&IF(18<=$Z$3,TEXT(DATE(Configurações!$B$3,1,18),"dd/mm")&" ("&CHOOSE(WEEKDAY(DATE(Configurações!$B$3,1,18)),"Dom","Seg","Ter","Qua","Qui","Sex","Sáb")&")","—") | FH65: ="Dia 19 — "&IF(19<=$Z$3,TEXT(DATE(Configurações!$B$3,1,19),"dd/mm")&" ("&CHOOSE(WEEKDAY(DATE(Configurações!$B$3,1,19)),"Dom","Seg","Ter","Qua","Qui","Sex","Sáb")&")","—") | FQ65: ="Dia 20 — "&IF(20<=$Z$3,TEXT(DATE(Configurações!$B$3,1,20),"dd/mm")&" ("&CHOOSE(WEEKDAY(DATE(Configurações!$B$3,1,20)),"Dom","Seg","Ter","Qua","Qui","Sex","Sáb")&")","—") | FZ65: ="Dia 21 — "&IF(21<=$Z$3,TEXT(DATE(Configurações!$B$3,1,21),"dd/mm")&" ("&CHOOSE(WEEKDAY(DATE(Configurações!$B$3,1,21)),"Dom","Seg","Ter","Qua","Qui","Sex","Sáb")&")","—") | GI65: ="Dia 22 — "&IF(22<=$Z$3,TEXT(DATE(Configurações!$B$3,1,22),"dd/mm")&" ("&CHOOSE(WEEKDAY(DATE(Configurações!$B$3,1,22)),"Dom","Seg","Ter","Qua","Qui","Sex","Sáb")&")","—") | GR65: ="Dia 23 — "&IF(23<=$Z$3,TEXT(DATE(Configurações!$B$3,1,23),"dd/mm")&" ("&CHOOSE(WEEKDAY(DATE(Configurações!$B$3,1,23)),"Dom","Seg","Ter","Qua","Qui","Sex","Sáb")&")","—") | HA65: ="Dia 24 — "&IF(24<=$Z$3,TEXT(DATE(Configurações!$B$3,1,24),"dd/mm")&" ("&CHOOSE(WEEKDAY(DATE(Configurações!$B$3,1,24)),"Dom","Seg","Ter","Qua","Qui","Sex","Sáb")&")","—") | HJ65: ="Dia 25 — "&IF(25<=$Z$3,TEXT(DATE(Configurações!$B$3,1,25),"dd/mm")&" ("&CHOOSE(WEEKDAY(DATE(Configurações!$B$3,1,25)),"Dom","Seg","Ter","Qua","Qui","Sex","Sáb")&")","—") | HS65: ="Dia 26 — "&IF(26<=$Z$3,TEXT(DATE(Configurações!$B$3,1,26),"dd/mm")&" ("&CHOOSE(WEEKDAY(DATE(Configurações!$B$3,1,26)),"Dom","Seg","Ter","Qua","Qui","Sex","Sáb")&")","—") | IB65: ="Dia 27 — "&IF(27<=$Z$3,TEXT(DATE(Configurações!$B$3,1,27),"dd/mm")&" ("&CHOOSE(WEEKDAY(DATE(Configurações!$B$3,1,27)),"Dom","Seg","Ter","Qua","Qui","Sex","Sáb")&")","—") | IK65: ="Dia 28 — "&IF(28<=$Z$3,TEXT(DATE(Configurações!$B$3,1,28),"dd/mm")&" ("&CHOOSE(WEEKDAY(DATE(Configurações!$B$3,1,28)),"Dom","Seg","Ter","Qua","Qui","Sex","Sáb")&")","—") | IT65: ="Dia 29 — "&IF(29<=$Z$3,TEXT(DATE(Configurações!$B$3,1,29),"dd/mm")&" ("&CHOOSE(WEEKDAY(DATE(Configurações!$B$3,1,29)),"Dom","Seg","Ter","Qua","Qui","Sex","Sáb")&")","—") | JC65: ="Dia 30 — "&IF(30<=$Z$3,TEXT(DATE(Configurações!$B$3,1,30),"dd/mm")&" ("&CHOOSE(WEEKDAY(DATE(Configurações!$B$3,1,30)),"Dom","Seg","Ter","Qua","Qui","Sex","Sáb")&")","—") | JL65: ="Dia 31 — "&IF(31<=$Z$3,TEXT(DATE(Configurações!$B$3,1,31),"dd/mm")&" ("&CHOOSE(WEEKDAY(DATE(Configurações!$B$3,1,31)),"Dom","Seg","Ter","Qua","Qui","Sex","Sáb")&")","—") | JU65: Produção Total (Mês) | JV65: Captação Líquida (Mês) | JW65: Saldo Pulso Atual | JX65: Média Diária | JY65: Meta Mensal | JZ65: Status Meta
B66: Saldo Pulso | C66: Saldo Anterior | D66: Captação Líq. | E66: COE | F66: Previdência | G66: Créd. Privado | H66: Tít. Públicos | I66: Produção Tot. | J66: Obs. | K66: Saldo Pulso | L66: Saldo Anterior | M66: Captação Líq. | N66: COE | O66: Previdência | P66: Créd. Privado | Q66: Tít. Públicos | R66: Produção Tot. | S66: Obs. | T66: Saldo Pulso | U66: Saldo Anterior | V66: Captação Líq. | W66: COE | X66: Previdência | Y66: Créd. Privado | Z66: Tít. Públicos | AA66: Produção Tot. | AB66: Obs. | AC66: Saldo Pulso | AD66: Saldo Anterior | AE66: Captação Líq. | AF66: COE | AG66: Previdência | AH66: Créd. Privado | AI66: Tít. Públicos | AJ66: Produção Tot. | AK66: Obs. | AL66: Saldo Pulso | AM66: Saldo Anterior | AN66: Captação Líq. | AO66: COE | AP66: Previdência | AQ66: Créd. Privado | AR66: Tít. Públicos | AS66: Produção Tot. | AT66: Obs. | AU66: Saldo Pulso | AV66: Saldo Anterior | AW66: Captação Líq. | AX66: COE | AY66: Previdência | AZ66: Créd. Privado | BA66: Tít. Públicos | BB66: Produção Tot. | BC66: Obs. | BD66: Saldo Pulso | BE66: Saldo Anterior | BF66: Captação Líq. | BG66: COE | BH66: Previdência | BI66: Créd. Privado | BJ66: Tít. Públicos | BK66: Produção Tot. | BL66: Obs. | BM66: Saldo Pulso | BN66: Saldo Anterior | BO66: Captação Líq. | BP66: COE | BQ66: Previdência | BR66: Créd. Privado | BS66: Tít. Públicos | BT66: Produção Tot. | BU66: Obs. | BV66: Saldo Pulso | BW66: Saldo Anterior | BX66: Captação Líq. | BY66: COE | BZ66: Previdência | CA66: Créd. Privado | CB66: Tít. Públicos | CC66: Produção Tot. | CD66: Obs. | CE66: Saldo Pulso | CF66: Saldo Anterior | CG66: Captação Líq. | CH66: COE | CI66: Previdência | CJ66: Créd. Privado | CK66: Tít. Públicos | CL66: Produção Tot. | CM66: Obs. | CN66: Saldo Pulso | CO66: Saldo Anterior | CP66: Captação Líq. | CQ66: COE | CR66: Previdência | CS66: Créd. Privado | CT66: Tít. Públicos | CU66: Produção Tot. | CV66: Obs. | CW66: Saldo Pulso | CX66: Saldo Anterior | CY66: Captação Líq. | CZ66: COE | DA66: Previdência | DB66: Créd. Privado | DC66: Tít. Públicos | DD66: Produção Tot. | DE66: Obs. | DF66: Saldo Pulso | DG66: Saldo Anterior | DH66: Captação Líq. | DI66: COE | DJ66: Previdência | DK66: Créd. Privado | DL66: Tít. Públicos | DM66: Produção Tot. | DN66: Obs. | DO66: Saldo Pulso | DP66: Saldo Anterior | DQ66: Captação Líq. | DR66: COE | DS66: Previdência | DT66: Créd. Privado | DU66: Tít. Públicos | DV66: Produção Tot. | DW66: Obs. | DX66: Saldo Pulso | DY66: Saldo Anterior | DZ66: Captação Líq. | EA66: COE | EB66: Previdência | EC66: Créd. Privado | ED66: Tít. Públicos | EE66: Produção Tot. | EF66: Obs. | EG66: Saldo Pulso | EH66: Saldo Anterior | EI66: Captação Líq. | EJ66: COE | EK66: Previdência | EL66: Créd. Privado | EM66: Tít. Públicos | EN66: Produção Tot. | EO66: Obs. | EP66: Saldo Pulso | EQ66: Saldo Anterior | ER66: Captação Líq. | ES66: COE | ET66: Previdência | EU66: Créd. Privado | EV66: Tít. Públicos | EW66: Produção Tot. | EX66: Obs. | EY66: Saldo Pulso | EZ66: Saldo Anterior | FA66: Captação Líq. | FB66: COE | FC66: Previdência | FD66: Créd. Privado | FE66: Tít. Públicos | FF66: Produção Tot. | FG66: Obs. | FH66: Saldo Pulso | FI66: Saldo Anterior | FJ66: Captação Líq. | FK66: COE | FL66: Previdência | FM66: Créd. Privado | FN66: Tít. Públicos | FO66: Produção Tot. | FP66: Obs. | FQ66: Saldo Pulso | FR66: Saldo Anterior | FS66: Captação Líq. | FT66: COE | FU66: Previdência | FV66: Créd. Privado | FW66: Tít. Públicos | FX66: Produção Tot. | FY66: Obs. | FZ66: Saldo Pulso | GA66: Saldo Anterior | GB66: Captação Líq. | GC66: COE | GD66: Previdência | GE66: Créd. Privado | GF66: Tít. Públicos | GG66: Produção Tot. | GH66: Obs. | GI66: Saldo Pulso | GJ66: Saldo Anterior | GK66: Captação Líq. | GL66: COE | GM66: Previdência | GN66: Créd. Privado | GO66: Tít. Públicos | GP66: Produção Tot. | GQ66: Obs. | GR66: Saldo Pulso | GS66: Saldo Anterior | GT66: Captação Líq. | GU66: COE | GV66: Previdência | GW66: Créd. Privado | GX66: Tít. Públicos | GY66: Produção Tot. | GZ66: Obs. | HA66: Saldo Pulso | HB66: Saldo Anterior | HC66: Captação Líq. | HD66: COE | HE66: Previdência | HF66: Créd. Privado | HG66: Tít. Públicos | HH66: Produção Tot. | HI66: Obs. | HJ66: Saldo Pulso | HK66: Saldo Anterior | HL66: Captação Líq. | HM66: COE | HN66: Previdência | HO66: Créd. Privado | HP66: Tít. Públicos | HQ66: Produção Tot. | HR66: Obs. | HS66: Saldo Pulso | HT66: Saldo Anterior | HU66: Captação Líq. | HV66: COE | HW66: Previdência | HX66: Créd. Privado | HY66: Tít. Públicos | HZ66: Produção Tot. | IA66: Obs. | IB66: Saldo Pulso | IC66: Saldo Anterior | ID66: Captação Líq. | IE66: COE | IF66: Previdência | IG66: Créd. Privado | IH66: Tít. Públicos | II66: Produção Tot. | IJ66: Obs. | IK66: Saldo Pulso | IL66: Saldo Anterior | IM66: Captação Líq. | IN66: COE | IO66: Previdência | IP66: Créd. Privado | IQ66: Tít. Públicos | IR66: Produção Tot. | IS66: Obs. | IT66: Saldo Pulso | IU66: Saldo Anterior | IV66: Captação Líq. | IW66: COE | IX66: Previdência | IY66: Créd. Privado | IZ66: Tít. Públicos | JA66: Produção Tot. | JB66: Obs. | JC66: Saldo Pulso | JD66: Saldo Anterior | JE66: Captação Líq. | JF66: COE | JG66: Previdência | JH66: Créd. Privado | JI66: Tít. Públicos | JJ66: Produção Tot. | JK66: Obs. | JL66: Saldo Pulso | JM66: Saldo Anterior | JN66: Captação Líq. | JO66: COE | JP66: Previdência | JQ66: Créd. Privado | JR66: Tít. Públicos | JS66: Produção Tot. | JT66: Obs.
A67: =IF(Configurações!$B$7="","Assessor 1",Configurações!$B$7) | C67: =Configurações!$D$7 | I67: =SUM(E67:H67) | L67: =B67 | R67: =SUM(N67:Q67) | U67: =K67 | AA67: =SUM(W67:Z67) | AD67: =T67 | AJ67: =SUM(AF67:AI67) | AM67: =AC67 | AS67: =SUM(AO67:AR67) | AV67: =AL67 | BB67: =SUM(AX67:BA67) | BE67: =AU67 | BK67: =SUM(BG67:BJ67) | BN67: =BD67 | BT67: =SUM(BP67:BS67) | BW67: =BM67 | CC67: =SUM(BY67:CB67) | CF67: =BV67 | CL67: =SUM(CH67:CK67) | CO67: =CE67 | CU67: =SUM(CQ67:CT67) | CX67: =CN67 | DD67: =SUM(CZ67:DC67) | DG67: =CW67 | DM67: =SUM(DI67:DL67) | DP67: =DF67 | DV67: =SUM(DR67:DU67) | DY67: =DO67 | EE67: =SUM(EA67:ED67) | EH67: =DX67 | EN67: =SUM(EJ67:EM67) | EQ67: =EG67 | EW67: =SUM(ES67:EV67) | EZ67: =EP67 | FF67: =SUM(FB67:FE67) | FI67: =EY67 | FO67: =SUM(FK67:FN67) | FR67: =FH67 | FX67: =SUM(FT67:FW67) | GA67: =FQ67 | GG67: =SUM(GC67:GF67) | GJ67: =FZ67 | GP67: =SUM(GL67:GO67) | GS67: =GI67 | GY67: =SUM(GU67:GX67) | HB67: =GR67 | HH67: =SUM(HD67:HG67) | HK67: =HA67 | HQ67: =SUM(HM67:HP67) | HT67: =HJ67 | HZ67: =SUM(HV67:HY67) | IC67: =HS67 | II67: =SUM(IE67:IH67) | IL67: =IB67 | IR67: =SUM(IN67:IQ67) | IU67: =IK67 | JA67: =SUM(IW67:IZ67) | JD67: =IT67 | JJ67: =SUM(JF67:JI67) | JM67: =JC67 | JS67: =SUM(JO67:JR67) | JU67: =I67+R67+AA67+AJ67+AS67+BB67+BK67+BT67+CC67+CL67+CU67+DD67+DM67+DV67+EE67+EN67+EW67+FF67+FO67+FX67+GG67+GP67+GY67+HH67+HQ67+HZ67+II67+IR67+JA67+JJ67+JS67 | JV67: =D67+M67+V67+AE67+AN67+AW67+BF67+BO67+BX67+CG67+CP67+CY67+DH67+DQ67+DZ67+EI67+ER67+FA67+FJ67+FS67+GB67+GK67+GT67+HC67+HL67+HU67+ID67+IM67+IV67+JE67+JN67 | JW67: =CHOOSE($Z$3,B67, K67, T67, AC67, AL67, AU67, BD67, BM67, BV67, CE67, CN67, CW67, DF67, DO67, DX67, EG67, EP67, EY67, FH67, FQ67, FZ67, GI67, GR67, HA67, HJ67, HS67, IB67, IK67, IT67, JC67, JL67) | JX67: =IFERROR(JU67/$Z$3,0) | JY67: =Configurações!$C$7 | JZ67: =IF(JY67=0,"— Sem meta",IF(JU67>=JY67,"✓ Atingida","Em andamento")) | KA67: =JU67+(13*0.0000001)
A68: =IF(Configurações!$B$8="","Assessor 2",Configurações!$B$8) | C68: =Configurações!$D$8 | I68: =SUM(E68:H68) | L68: =B68 | R68: =SUM(N68:Q68) | U68: =K68 | AA68: =SUM(W68:Z68) | AD68: =T68 | AJ68: =SUM(AF68:AI68) | AM68: =AC68 | AS68: =SUM(AO68:AR68) | AV68: =AL68 | BB68: =SUM(AX68:BA68) | BE68: =AU68 | BK68: =SUM(BG68:BJ68) | BN68: =BD68 | BT68: =SUM(BP68:BS68) | BW68: =BM68 | CC68: =SUM(BY68:CB68) | CF68: =BV68 | CL68: =SUM(CH68:CK68) | CO68: =CE68 | CU68: =SUM(CQ68:CT68) | CX68: =CN68 | DD68: =SUM(CZ68:DC68) | DG68: =CW68 | DM68: =SUM(DI68:DL68) | DP68: =DF68 | DV68: =SUM(DR68:DU68) | DY68: =DO68 | EE68: =SUM(EA68:ED68) | EH68: =DX68 | EN68: =SUM(EJ68:EM68) | EQ68: =EG68 | EW68: =SUM(ES68:EV68) | EZ68: =EP68 | FF68: =SUM(FB68:FE68) | FI68: =EY68 | FO68: =SUM(FK68:FN68) | FR68: =FH68 | FX68: =SUM(FT68:FW68) | GA68: =FQ68 | GG68: =SUM(GC68:GF68) | GJ68: =FZ68 | GP68: =SUM(GL68:GO68) | GS68: =GI68 | GY68: =SUM(GU68:GX68) | HB68: =GR68 | HH68: =SUM(HD68:HG68) | HK68: =HA68 | HQ68: =SUM(HM68:HP68) | HT68: =HJ68 | HZ68: =SUM(HV68:HY68) | IC68: =HS68 | II68: =SUM(IE68:IH68) | IL68: =IB68 | IR68: =SUM(IN68:IQ68) | IU68: =IK68 | JA68: =SUM(IW68:IZ68) | JD68: =IT68 | JJ68: =SUM(JF68:JI68) | JM68: =JC68 | JS68: =SUM(JO68:JR68) | JU68: =I68+R68+AA68+AJ68+AS68+BB68+BK68+BT68+CC68+CL68+CU68+DD68+DM68+DV68+EE68+EN68+EW68+FF68+FO68+FX68+GG68+GP68+GY68+HH68+HQ68+HZ68+II68+IR68+JA68+JJ68+JS68 | JV68: =D68+M68+V68+AE68+AN68+AW68+BF68+BO68+BX68+CG68+CP68+CY68+DH68+DQ68+DZ68+EI68+ER68+FA68+FJ68+FS68+GB68+GK68+GT68+HC68+HL68+HU68+ID68+IM68+IV68+JE68+JN68 | JW68: =CHOOSE($Z$3,B68, K68, T68, AC68, AL68, AU68, BD68, BM68, BV68, CE68, CN68, CW68, DF68, DO68, DX68, EG68, EP68, EY68, FH68, FQ68, FZ68, GI68, GR68, HA68, HJ68, HS68, IB68, IK68, IT68, JC68, JL68) | JX68: =IFERROR(JU68/$Z$3,0) | JY68: =Configurações!$C$8 | JZ68: =IF(JY68=0,"— Sem meta",IF(JU68>=JY68,"✓ Atingida","Em andamento")) | KA68: =JU68+(12*0.0000001)
A69: =IF(Configurações!$B$9="","Assessor 3",Configurações!$B$9) | C69: =Configurações!$D$9 | I69: =SUM(E69:H69) | L69: =B69 | R69: =SUM(N69:Q69) | U69: =K69 | AA69: =SUM(W69:Z69) | AD69: =T69 | AJ69: =SUM(AF69:AI69) | AM69: =AC69 | AS69: =SUM(AO69:AR69) | AV69: =AL69 | BB69: =SUM(AX69:BA69) | BE69: =AU69 | BK69: =SUM(BG69:BJ69) | BN69: =BD69 | BT69: =SUM(BP69:BS69) | BW69: =BM69 | CC69: =SUM(BY69:CB69) | CF69: =BV69 | CL69: =SUM(CH69:CK69) | CO69: =CE69 | CU69: =SUM(CQ69:CT69) | CX69: =CN69 | DD69: =SUM(CZ69:DC69) | DG69: =CW69 | DM69: =SUM(DI69:DL69) | DP69: =DF69 | DV69: =SUM(DR69:DU69) | DY69: =DO69 | EE69: =SUM(EA69:ED69) | EH69: =DX69 | EN69: =SUM(EJ69:EM69) | EQ69: =EG69 | EW69: =SUM(ES69:EV69) | EZ69: =EP69 | FF69: =SUM(FB69:FE69) | FI69: =EY69 | FO69: =SUM(FK69:FN69) | FR69: =FH69 | FX69: =SUM(FT69:FW69) | GA69: =FQ69 | GG69: =SUM(GC69:GF69) | GJ69: =FZ69 | GP69: =SUM(GL69:GO69) | GS69: =GI69 | GY69: =SUM(GU69:GX69) | HB69: =GR69 | HH69: =SUM(HD69:HG69) | HK69: =HA69 | HQ69: =SUM(HM69:HP69) | HT69: =HJ69 | HZ69: =SUM(HV69:HY69) | IC69: =HS69 | II69: =SUM(IE69:IH69) | IL69: =IB69 | IR69: =SUM(IN69:IQ69) | IU69: =IK69 | JA69: =SUM(IW69:IZ69) | JD69: =IT69 | JJ69: =SUM(JF69:JI69) | JM69: =JC69 | JS69: =SUM(JO69:JR69) | JU69: =I69+R69+AA69+AJ69+AS69+BB69+BK69+BT69+CC69+CL69+CU69+DD69+DM69+DV69+EE69+EN69+EW69+FF69+FO69+FX69+GG69+GP69+GY69+HH69+HQ69+HZ69+II69+IR69+JA69+JJ69+JS69 | JV69: =D69+M69+V69+AE69+AN69+AW69+BF69+BO69+BX69+CG69+CP69+CY69+DH69+DQ69+DZ69+EI69+ER69+FA69+FJ69+FS69+GB69+GK69+GT69+HC69+HL69+HU69+ID69+IM69+IV69+JE69+JN69 | JW69: =CHOOSE($Z$3,B69, K69, T69, AC69, AL69, AU69, BD69, BM69, BV69, CE69, CN69, CW69, DF69, DO69, DX69, EG69, EP69, EY69, FH69, FQ69, FZ69, GI69, GR69, HA69, HJ69, HS69, IB69, IK69, IT69, JC69, JL69) | JX69: =IFERROR(JU69/$Z$3,0) | JY69: =Configurações!$C$9 | JZ69: =IF(JY69=0,"— Sem meta",IF(JU69>=JY69,"✓ Atingida","Em andamento")) | KA69: =JU69+(11*0.0000001)
A70: =IF(Configurações!$B$10="","Assessor 4",Configurações!$B$10) | C70: =Configurações!$D$10 | I70: =SUM(E70:H70) | L70: =B70 | R70: =SUM(N70:Q70) | U70: =K70 | AA70: =SUM(W70:Z70) | AD70: =T70 | AJ70: =SUM(AF70:AI70) | AM70: =AC70 | AS70: =SUM(AO70:AR70) | AV70: =AL70 | BB70: =SUM(AX70:BA70) | BE70: =AU70 | BK70: =SUM(BG70:BJ70) | BN70: =BD70 | BT70: =SUM(BP70:BS70) | BW70: =BM70 | CC70: =SUM(BY70:CB70) | CF70: =BV70 | CL70: =SUM(CH70:CK70) | CO70: =CE70 | CU70: =SUM(CQ70:CT70) | CX70: =CN70 | DD70: =SUM(CZ70:DC70) | DG70: =CW70 | DM70: =SUM(DI70:DL70) | DP70: =DF70 | DV70: =SUM(DR70:DU70) | DY70: =DO70 | EE70: =SUM(EA70:ED70) | EH70: =DX70 | EN70: =SUM(EJ70:EM70) | EQ70: =EG70 | EW70: =SUM(ES70:EV70) | EZ70: =EP70 | FF70: =SUM(FB70:FE70) | FI70: =EY70 | FO70: =SUM(FK70:FN70) | FR70: =FH70 | FX70: =SUM(FT70:FW70) | GA70: =FQ70 | GG70: =SUM(GC70:GF70) | GJ70: =FZ70 | GP70: =SUM(GL70:GO70) | GS70: =GI70 | GY70: =SUM(GU70:GX70) | HB70: =GR70 | HH70: =SUM(HD70:HG70) | HK70: =HA70 | HQ70: =SUM(HM70:HP70) | HT70: =HJ70 | HZ70: =SUM(HV70:HY70) | IC70: =HS70 | II70: =SUM(IE70:IH70) | IL70: =IB70 | IR70: =SUM(IN70:IQ70) | IU70: =IK70 | JA70: =SUM(IW70:IZ70) | JD70: =IT70 | JJ70: =SUM(JF70:JI70) | JM70: =JC70 | JS70: =SUM(JO70:JR70) | JU70: =I70+R70+AA70+AJ70+AS70+BB70+BK70+BT70+CC70+CL70+CU70+DD70+DM70+DV70+EE70+EN70+EW70+FF70+FO70+FX70+GG70+GP70+GY70+HH70+HQ70+HZ70+II70+IR70+JA70+JJ70+JS70 | JV70: =D70+M70+V70+AE70+AN70+AW70+BF70+BO70+BX70+CG70+CP70+CY70+DH70+DQ70+DZ70+EI70+ER70+FA70+FJ70+FS70+GB70+GK70+GT70+HC70+HL70+HU70+ID70+IM70+IV70+JE70+JN70 | JW70: =CHOOSE($Z$3,B70, K70, T70, AC70, AL70, AU70, BD70, BM70, BV70, CE70, CN70, CW70, DF70, DO70, DX70, EG70, EP70, EY70, FH70, FQ70, FZ70, GI70, GR70, HA70, HJ70, HS70, IB70, IK70, IT70, JC70, JL70) | JX70: =IFERROR(JU70/$Z$3,0) | JY70: =Configurações!$C$10 | JZ70: =IF(JY70=0,"— Sem meta",IF(JU70>=JY70,"✓ Atingida","Em andamento")) | KA70: =JU70+(10*0.0000001)
A71: =IF(Configurações!$B$11="","Assessor 5",Configurações!$B$11) | C71: =Configurações!$D$11 | I71: =SUM(E71:H71) | L71: =B71 | R71: =SUM(N71:Q71) | U71: =K71 | AA71: =SUM(W71:Z71) | AD71: =T71 | AJ71: =SUM(AF71:AI71) | AM71: =AC71 | AS71: =SUM(AO71:AR71) | AV71: =AL71 | BB71: =SUM(AX71:BA71) | BE71: =AU71 | BK71: =SUM(BG71:BJ71) | BN71: =BD71 | BT71: =SUM(BP71:BS71) | BW71: =BM71 | CC71: =SUM(BY71:CB71) | CF71: =BV71 | CL71: =SUM(CH71:CK71) | CO71: =CE71 | CU71: =SUM(CQ71:CT71) | CX71: =CN71 | DD71: =SUM(CZ71:DC71) | DG71: =CW71 | DM71: =SUM(DI71:DL71) | DP71: =DF71 | DV71: =SUM(DR71:DU71) | DY71: =DO71 | EE71: =SUM(EA71:ED71) | EH71: =DX71 | EN71: =SUM(EJ71:EM71) | EQ71: =EG71 | EW71: =SUM(ES71:EV71) | EZ71: =EP71 | FF71: =SUM(FB71:FE71) | FI71: =EY71 | FO71: =SUM(FK71:FN71) | FR71: =FH71 | FX71: =SUM(FT71:FW71) | GA71: =FQ71 | GG71: =SUM(GC71:GF71) | GJ71: =FZ71 | GP71: =SUM(GL71:GO71) | GS71: =GI71 | GY71: =SUM(GU71:GX71) | HB71: =GR71 | HH71: =SUM(HD71:HG71) | HK71: =HA71 | HQ71: =SUM(HM71:HP71) | HT71: =HJ71 | HZ71: =SUM(HV71:HY71) | IC71: =HS71 | II71: =SUM(IE71:IH71) | IL71: =IB71 | IR71: =SUM(IN71:IQ71) | IU71: =IK71 | JA71: =SUM(IW71:IZ71) | JD71: =IT71 | JJ71: =SUM(JF71:JI71) | JM71: =JC71 | JS71: =SUM(JO71:JR71) | JU71: =I71+R71+AA71+AJ71+AS71+BB71+BK71+BT71+CC71+CL71+CU71+DD71+DM71+DV71+EE71+EN71+EW71+FF71+FO71+FX71+GG71+GP71+GY71+HH71+HQ71+HZ71+II71+IR71+JA71+JJ71+JS71 | JV71: =D71+M71+V71+AE71+AN71+AW71+BF71+BO71+BX71+CG71+CP71+CY71+DH71+DQ71+DZ71+EI71+ER71+FA71+FJ71+FS71+GB71+GK71+GT71+HC71+HL71+HU71+ID71+IM71+IV71+JE71+JN71 | JW71: =CHOOSE($Z$3,B71, K71, T71, AC71, AL71, AU71, BD71, BM71, BV71, CE71, CN71, CW71, DF71, DO71, DX71, EG71, EP71, EY71, FH71, FQ71, FZ71, GI71, GR71, HA71, HJ71, HS71, IB71, IK71, IT71, JC71, JL71) | JX71: =IFERROR(JU71/$Z$3,0) | JY71: =Configurações!$C$11 | JZ71: =IF(JY71=0,"— Sem meta",IF(JU71>=JY71,"✓ Atingida","Em andamento")) | KA71: =JU71+(9*0.0000001)
A72: =IF(Configurações!$B$12="","Assessor 6",Configurações!$B$12) | C72: =Configurações!$D$12 | I72: =SUM(E72:H72) | L72: =B72 | R72: =SUM(N72:Q72) | U72: =K72 | AA72: =SUM(W72:Z72) | AD72: =T72 | AJ72: =SUM(AF72:AI72) | AM72: =AC72 | AS72: =SUM(AO72:AR72) | AV72: =AL72 | BB72: =SUM(AX72:BA72) | BE72: =AU72 | BK72: =SUM(BG72:BJ72) | BN72: =BD72 | BT72: =SUM(BP72:BS72) | BW72: =BM72 | CC72: =SUM(BY72:CB72) | CF72: =BV72 | CL72: =SUM(CH72:CK72) | CO72: =CE72 | CU72: =SUM(CQ72:CT72) | CX72: =CN72 | DD72: =SUM(CZ72:DC72) | DG72: =CW72 | DM72: =SUM(DI72:DL72) | DP72: =DF72 | DV72: =SUM(DR72:DU72) | DY72: =DO72 | EE72: =SUM(EA72:ED72) | EH72: =DX72 | EN72: =SUM(EJ72:EM72) | EQ72: =EG72 | EW72: =SUM(ES72:EV72) | EZ72: =EP72 | FF72: =SUM(FB72:FE72) | FI72: =EY72 | FO72: =SUM(FK72:FN72) | FR72: =FH72 | FX72: =SUM(FT72:FW72) | GA72: =FQ72 | GG72: =SUM(GC72:GF72) | GJ72: =FZ72 | GP72: =SUM(GL72:GO72) | GS72: =GI72 | GY72: =SUM(GU72:GX72) | HB72: =GR72 | HH72: =SUM(HD72:HG72) | HK72: =HA72 | HQ72: =SUM(HM72:HP72) | HT72: =HJ72 | HZ72: =SUM(HV72:HY72) | IC72: =HS72 | II72: =SUM(IE72:IH72) | IL72: =IB72 | IR72: =SUM(IN72:IQ72) | IU72: =IK72 | JA72: =SUM(IW72:IZ72) | JD72: =IT72 | JJ72: =SUM(JF72:JI72) | JM72: =JC72 | JS72: =SUM(JO72:JR72) | JU72: =I72+R72+AA72+AJ72+AS72+BB72+BK72+BT72+CC72+CL72+CU72+DD72+DM72+DV72+EE72+EN72+EW72+FF72+FO72+FX72+GG72+GP72+GY72+HH72+HQ72+HZ72+II72+IR72+JA72+JJ72+JS72 | JV72: =D72+M72+V72+AE72+AN72+AW72+BF72+BO72+BX72+CG72+CP72+CY72+DH72+DQ72+DZ72+EI72+ER72+FA72+FJ72+FS72+GB72+GK72+GT72+HC72+HL72+HU72+ID72+IM72+IV72+JE72+JN72 | JW72: =CHOOSE($Z$3,B72, K72, T72, AC72, AL72, AU72, BD72, BM72, BV72, CE72, CN72, CW72, DF72, DO72, DX72, EG72, EP72, EY72, FH72, FQ72, FZ72, GI72, GR72, HA72, HJ72, HS72, IB72, IK72, IT72, JC72, JL72) | JX72: =IFERROR(JU72/$Z$3,0) | JY72: =Configurações!$C$12 | JZ72: =IF(JY72=0,"— Sem meta",IF(JU72>=JY72,"✓ Atingida","Em andamento")) | KA72: =JU72+(8*0.0000001)
A73: =IF(Configurações!$B$13="","Assessor 7",Configurações!$B$13) | C73: =Configurações!$D$13 | I73: =SUM(E73:H73) | L73: =B73 | R73: =SUM(N73:Q73) | U73: =K73 | AA73: =SUM(W73:Z73) | AD73: =T73 | AJ73: =SUM(AF73:AI73) | AM73: =AC73 | AS73: =SUM(AO73:AR73) | AV73: =AL73 | BB73: =SUM(AX73:BA73) | BE73: =AU73 | BK73: =SUM(BG73:BJ73) | BN73: =BD73 | BT73: =SUM(BP73:BS73) | BW73: =BM73 | CC73: =SUM(BY73:CB73) | CF73: =BV73 | CL73: =SUM(CH73:CK73) | CO73: =CE73 | CU73: =SUM(CQ73:CT73) | CX73: =CN73 | DD73: =SUM(CZ73:DC73) | DG73: =CW73 | DM73: =SUM(DI73:DL73) | DP73: =DF73 | DV73: =SUM(DR73:DU73) | DY73: =DO73 | EE73: =SUM(EA73:ED73) | EH73: =DX73 | EN73: =SUM(EJ73:EM73) | EQ73: =EG73 | EW73: =SUM(ES73:EV73) | EZ73: =EP73 | FF73: =SUM(FB73:FE73) | FI73: =EY73 | FO73: =SUM(FK73:FN73) | FR73: =FH73 | FX73: =SUM(FT73:FW73) | GA73: =FQ73 | GG73: =SUM(GC73:GF73) | GJ73: =FZ73 | GP73: =SUM(GL73:GO73) | GS73: =GI73 | GY73: =SUM(GU73:GX73) | HB73: =GR73 | HH73: =SUM(HD73:HG73) | HK73: =HA73 | HQ73: =SUM(HM73:HP73) | HT73: =HJ73 | HZ73: =SUM(HV73:HY73) | IC73: =HS73 | II73: =SUM(IE73:IH73) | IL73: =IB73 | IR73: =SUM(IN73:IQ73) | IU73: =IK73 | JA73: =SUM(IW73:IZ73) | JD73: =IT73 | JJ73: =SUM(JF73:JI73) | JM73: =JC73 | JS73: =SUM(JO73:JR73) | JU73: =I73+R73+AA73+AJ73+AS73+BB73+BK73+BT73+CC73+CL73+CU73+DD73+DM73+DV73+EE73+EN73+EW73+FF73+FO73+FX73+GG73+GP73+GY73+HH73+HQ73+HZ73+II73+IR73+JA73+JJ73+JS73 | JV73: =D73+M73+V73+AE73+AN73+AW73+BF73+BO73+BX73+CG73+CP73+CY73+DH73+DQ73+DZ73+EI73+ER73+FA73+FJ73+FS73+GB73+GK73+GT73+HC73+HL73+HU73+ID73+IM73+IV73+JE73+JN73 | JW73: =CHOOSE($Z$3,B73, K73, T73, AC73, AL73, AU73, BD73, BM73, BV73, CE73, CN73, CW73, DF73, DO73, DX73, EG73, EP73, EY73, FH73, FQ73, FZ73, GI73, GR73, HA73, HJ73, HS73, IB73, IK73, IT73, JC73, JL73) | JX73: =IFERROR(JU73/$Z$3,0) | JY73: =Configurações!$C$13 | JZ73: =IF(JY73=0,"— Sem meta",IF(JU73>=JY73,"✓ Atingida","Em andamento")) | KA73: =JU73+(7*0.0000001)
A74: =IF(Configurações!$B$14="","Assessor 8",Configurações!$B$14) | C74: =Configurações!$D$14 | I74: =SUM(E74:H74) | L74: =B74 | R74: =SUM(N74:Q74) | U74: =K74 | AA74: =SUM(W74:Z74) | AD74: =T74 | AJ74: =SUM(AF74:AI74) | AM74: =AC74 | AS74: =SUM(AO74:AR74) | AV74: =AL74 | BB74: =SUM(AX74:BA74) | BE74: =AU74 | BK74: =SUM(BG74:BJ74) | BN74: =BD74 | BT74: =SUM(BP74:BS74) | BW74: =BM74 | CC74: =SUM(BY74:CB74) | CF74: =BV74 | CL74: =SUM(CH74:CK74) | CO74: =CE74 | CU74: =SUM(CQ74:CT74) | CX74: =CN74 | DD74: =SUM(CZ74:DC74) | DG74: =CW74 | DM74: =SUM(DI74:DL74) | DP74: =DF74 | DV74: =SUM(DR74:DU74) | DY74: =DO74 | EE74: =SUM(EA74:ED74) | EH74: =DX74 | EN74: =SUM(EJ74:EM74) | EQ74: =EG74 | EW74: =SUM(ES74:EV74) | EZ74: =EP74 | FF74: =SUM(FB74:FE74) | FI74: =EY74 | FO74: =SUM(FK74:FN74) | FR74: =FH74 | FX74: =SUM(FT74:FW74) | GA74: =FQ74 | GG74: =SUM(GC74:GF74) | GJ74: =FZ74 | GP74: =SUM(GL74:GO74) | GS74: =GI74 | GY74: =SUM(GU74:GX74) | HB74: =GR74 | HH74: =SUM(HD74:HG74) | HK74: =HA74 | HQ74: =SUM(HM74:HP74) | HT74: =HJ74 | HZ74: =SUM(HV74:HY74) | IC74: =HS74 | II74: =SUM(IE74:IH74) | IL74: =IB74 | IR74: =SUM(IN74:IQ74) | IU74: =IK74 | JA74: =SUM(IW74:IZ74) | JD74: =IT74 | JJ74: =SUM(JF74:JI74) | JM74: =JC74 | JS74: =SUM(JO74:JR74) | JU74: =I74+R74+AA74+AJ74+AS74+BB74+BK74+BT74+CC74+CL74+CU74+DD74+DM74+DV74+EE74+EN74+EW74+FF74+FO74+FX74+GG74+GP74+GY74+HH74+HQ74+HZ74+II74+IR74+JA74+JJ74+JS74 | JV74: =D74+M74+V74+AE74+AN74+AW74+BF74+BO74+BX74+CG74+CP74+CY74+DH74+DQ74+DZ74+EI74+ER74+FA74+FJ74+FS74+GB74+GK74+GT74+HC74+HL74+HU74+ID74+IM74+IV74+JE74+JN74 | JW74: =CHOOSE($Z$3,B74, K74, T74, AC74, AL74, AU74, BD74, BM74, BV74, CE74, CN74, CW74, DF74, DO74, DX74, EG74, EP74, EY74, FH74, FQ74, FZ74, GI74, GR74, HA74, HJ74, HS74, IB74, IK74, IT74, JC74, JL74) | JX74: =IFERROR(JU74/$Z$3,0) | JY74: =Configurações!$C$14 | JZ74: =IF(JY74=0,"— Sem meta",IF(JU74>=JY74,"✓ Atingida","Em andamento")) | KA74: =JU74+(6*0.0000001)
A75: =IF(Configurações!$B$15="","Assessor 9",Configurações!$B$15) | C75: =Configurações!$D$15 | I75: =SUM(E75:H75) | L75: =B75 | R75: =SUM(N75:Q75) | U75: =K75 | AA75: =SUM(W75:Z75) | AD75: =T75 | AJ75: =SUM(AF75:AI75) | AM75: =AC75 | AS75: =SUM(AO75:AR75) | AV75: =AL75 | BB75: =SUM(AX75:BA75) | BE75: =AU75 | BK75: =SUM(BG75:BJ75) | BN75: =BD75 | BT75: =SUM(BP75:BS75) | BW75: =BM75 | CC75: =SUM(BY75:CB75) | CF75: =BV75 | CL75: =SUM(CH75:CK75) | CO75: =CE75 | CU75: =SUM(CQ75:CT75) | CX75: =CN75 | DD75: =SUM(CZ75:DC75) | DG75: =CW75 | DM75: =SUM(DI75:DL75) | DP75: =DF75 | DV75: =SUM(DR75:DU75) | DY75: =DO75 | EE75: =SUM(EA75:ED75) | EH75: =DX75 | EN75: =SUM(EJ75:EM75) | EQ75: =EG75 | EW75: =SUM(ES75:EV75) | EZ75: =EP75 | FF75: =SUM(FB75:FE75) | FI75: =EY75 | FO75: =SUM(FK75:FN75) | FR75: =FH75 | FX75: =SUM(FT75:FW75) | GA75: =FQ75 | GG75: =SUM(GC75:GF75) | GJ75: =FZ75 | GP75: =SUM(GL75:GO75) | GS75: =GI75 | GY75: =SUM(GU75:GX75) | HB75: =GR75 | HH75: =SUM(HD75:HG75) | HK75: =HA75 | HQ75: =SUM(HM75:HP75) | HT75: =HJ75 | HZ75: =SUM(HV75:HY75) | IC75: =HS75 | II75: =SUM(IE75:IH75) | IL75: =IB75 | IR75: =SUM(IN75:IQ75) | IU75: =IK75 | JA75: =SUM(IW75:IZ75) | JD75: =IT75 | JJ75: =SUM(JF75:JI75) | JM75: =JC75 | JS75: =SUM(JO75:JR75) | JU75: =I75+R75+AA75+AJ75+AS75+BB75+BK75+BT75+CC75+CL75+CU75+DD75+DM75+DV75+EE75+EN75+EW75+FF75+FO75+FX75+GG75+GP75+GY75+HH75+HQ75+HZ75+II75+IR75+JA75+JJ75+JS75 | JV75: =D75+M75+V75+AE75+AN75+AW75+BF75+BO75+BX75+CG75+CP75+CY75+DH75+DQ75+DZ75+EI75+ER75+FA75+FJ75+FS75+GB75+GK75+GT75+HC75+HL75+HU75+ID75+IM75+IV75+JE75+JN75 | JW75: =CHOOSE($Z$3,B75, K75, T75, AC75, AL75, AU75, BD75, BM75, BV75, CE75, CN75, CW75, DF75, DO75, DX75, EG75, EP75, EY75, FH75, FQ75, FZ75, GI75, GR75, HA75, HJ75, HS75, IB75, IK75, IT75, JC75, JL75) | JX75: =IFERROR(JU75/$Z$3,0) | JY75: =Configurações!$C$15 | JZ75: =IF(JY75=0,"— Sem meta",IF(JU75>=JY75,"✓ Atingida","Em andamento")) | KA75: =JU75+(5*0.0000001)
A76: =IF(Configurações!$B$16="","Assessor 10",Configurações!$B$16) | C76: =Configurações!$D$16 | I76: =SUM(E76:H76) | L76: =B76 | R76: =SUM(N76:Q76) | U76: =K76 | AA76: =SUM(W76:Z76) | AD76: =T76 | AJ76: =SUM(AF76:AI76) | AM76: =AC76 | AS76: =SUM(AO76:AR76) | AV76: =AL76 | BB76: =SUM(AX76:BA76) | BE76: =AU76 | BK76: =SUM(BG76:BJ76) | BN76: =BD76 | BT76: =SUM(BP76:BS76) | BW76: =BM76 | CC76: =SUM(BY76:CB76) | CF76: =BV76 | CL76: =SUM(CH76:CK76) | CO76: =CE76 | CU76: =SUM(CQ76:CT76) | CX76: =CN76 | DD76: =SUM(CZ76:DC76) | DG76: =CW76 | DM76: =SUM(DI76:DL76) | DP76: =DF76 | DV76: =SUM(DR76:DU76) | DY76: =DO76 | EE76: =SUM(EA76:ED76) | EH76: =DX76 | EN76: =SUM(EJ76:EM76) | EQ76: =EG76 | EW76: =SUM(ES76:EV76) | EZ76: =EP76 | FF76: =SUM(FB76:FE76) | FI76: =EY76 | FO76: =SUM(FK76:FN76) | FR76: =FH76 | FX76: =SUM(FT76:FW76) | GA76: =FQ76 | GG76: =SUM(GC76:GF76) | GJ76: =FZ76 | GP76: =SUM(GL76:GO76) | GS76: =GI76 | GY76: =SUM(GU76:GX76) | HB76: =GR76 | HH76: =SUM(HD76:HG76) | HK76: =HA76 | HQ76: =SUM(HM76:HP76) | HT76: =HJ76 | HZ76: =SUM(HV76:HY76) | IC76: =HS76 | II76: =SUM(IE76:IH76) | IL76: =IB76 | IR76: =SUM(IN76:IQ76) | IU76: =IK76 | JA76: =SUM(IW76:IZ76) | JD76: =IT76 | JJ76: =SUM(JF76:JI76) | JM76: =JC76 | JS76: =SUM(JO76:JR76) | JU76: =I76+R76+AA76+AJ76+AS76+BB76+BK76+BT76+CC76+CL76+CU76+DD76+DM76+DV76+EE76+EN76+EW76+FF76+FO76+FX76+GG76+GP76+GY76+HH76+HQ76+HZ76+II76+IR76+JA76+JJ76+JS76 | JV76: =D76+M76+V76+AE76+AN76+AW76+BF76+BO76+BX76+CG76+CP76+CY76+DH76+DQ76+DZ76+EI76+ER76+FA76+FJ76+FS76+GB76+GK76+GT76+HC76+HL76+HU76+ID76+IM76+IV76+JE76+JN76 | JW76: =CHOOSE($Z$3,B76, K76, T76, AC76, AL76, AU76, BD76, BM76, BV76, CE76, CN76, CW76, DF76, DO76, DX76, EG76, EP76, EY76, FH76, FQ76, FZ76, GI76, GR76, HA76, HJ76, HS76, IB76, IK76, IT76, JC76, JL76) | JX76: =IFERROR(JU76/$Z$3,0) | JY76: =Configurações!$C$16 | JZ76: =IF(JY76=0,"— Sem meta",IF(JU76>=JY76,"✓ Atingida","Em andamento")) | KA76: =JU76+(4*0.0000001)
A77: =IF(Configurações!$B$17="","Assessor 11",Configurações!$B$17) | C77: =Configurações!$D$17 | I77: =SUM(E77:H77) | L77: =B77 | R77: =SUM(N77:Q77) | U77: =K77 | AA77: =SUM(W77:Z77) | AD77: =T77 | AJ77: =SUM(AF77:AI77) | AM77: =AC77 | AS77: =SUM(AO77:AR77) | AV77: =AL77 | BB77: =SUM(AX77:BA77) | BE77: =AU77 | BK77: =SUM(BG77:BJ77) | BN77: =BD77 | BT77: =SUM(BP77:BS77) | BW77: =BM77 | CC77: =SUM(BY77:CB77) | CF77: =BV77 | CL77: =SUM(CH77:CK77) | CO77: =CE77 | CU77: =SUM(CQ77:CT77) | CX77: =CN77 | DD77: =SUM(CZ77:DC77) | DG77: =CW77 | DM77: =SUM(DI77:DL77) | DP77: =DF77 | DV77: =SUM(DR77:DU77) | DY77: =DO77 | EE77: =SUM(EA77:ED77) | EH77: =DX77 | EN77: =SUM(EJ77:EM77) | EQ77: =EG77 | EW77: =SUM(ES77:EV77) | EZ77: =EP77 | FF77: =SUM(FB77:FE77) | FI77: =EY77 | FO77: =SUM(FK77:FN77) | FR77: =FH77 | FX77: =SUM(FT77:FW77) | GA77: =FQ77 | GG77: =SUM(GC77:GF77) | GJ77: =FZ77 | GP77: =SUM(GL77:GO77) | GS77: =GI77 | GY77: =SUM(GU77:GX77) | HB77: =GR77 | HH77: =SUM(HD77:HG77) | HK77: =HA77 | HQ77: =SUM(HM77:HP77) | HT77: =HJ77 | HZ77: =SUM(HV77:HY77) | IC77: =HS77 | II77: =SUM(IE77:IH77) | IL77: =IB77 | IR77: =SUM(IN77:IQ77) | IU77: =IK77 | JA77: =SUM(IW77:IZ77) | JD77: =IT77 | JJ77: =SUM(JF77:JI77) | JM77: =JC77 | JS77: =SUM(JO77:JR77) | JU77: =I77+R77+AA77+AJ77+AS77+BB77+BK77+BT77+CC77+CL77+CU77+DD77+DM77+DV77+EE77+EN77+EW77+FF77+FO77+FX77+GG77+GP77+GY77+HH77+HQ77+HZ77+II77+IR77+JA77+JJ77+JS77 | JV77: =D77+M77+V77+AE77+AN77+AW77+BF77+BO77+BX77+CG77+CP77+CY77+DH77+DQ77+DZ77+EI77+ER77+FA77+FJ77+FS77+GB77+GK77+GT77+HC77+HL77+HU77+ID77+IM77+IV77+JE77+JN77 | JW77: =CHOOSE($Z$3,B77, K77, T77, AC77, AL77, AU77, BD77, BM77, BV77, CE77, CN77, CW77, DF77, DO77, DX77, EG77, EP77, EY77, FH77, FQ77, FZ77, GI77, GR77, HA77, HJ77, HS77, IB77, IK77, IT77, JC77, JL77) | JX77: =IFERROR(JU77/$Z$3,0) | JY77: =Configurações!$C$17 | JZ77: =IF(JY77=0,"— Sem meta",IF(JU77>=JY77,"✓ Atingida","Em andamento")) | KA77: =JU77+(3*0.0000001)
A78: =IF(Configurações!$B$18="","Assessor 12",Configurações!$B$18) | C78: =Configurações!$D$18 | I78: =SUM(E78:H78) | L78: =B78 | R78: =SUM(N78:Q78) | U78: =K78 | AA78: =SUM(W78:Z78) | AD78: =T78 | AJ78: =SUM(AF78:AI78) | AM78: =AC78 | AS78: =SUM(AO78:AR78) | AV78: =AL78 | BB78: =SUM(AX78:BA78) | BE78: =AU78 | BK78: =SUM(BG78:BJ78) | BN78: =BD78 | BT78: =SUM(BP78:BS78) | BW78: =BM78 | CC78: =SUM(BY78:CB78) | CF78: =BV78 | CL78: =SUM(CH78:CK78) | CO78: =CE78 | CU78: =SUM(CQ78:CT78) | CX78: =CN78 | DD78: =SUM(CZ78:DC78) | DG78: =CW78 | DM78: =SUM(DI78:DL78) | DP78: =DF78 | DV78: =SUM(DR78:DU78) | DY78: =DO78 | EE78: =SUM(EA78:ED78) | EH78: =DX78 | EN78: =SUM(EJ78:EM78) | EQ78: =EG78 | EW78: =SUM(ES78:EV78) | EZ78: =EP78 | FF78: =SUM(FB78:FE78) | FI78: =EY78 | FO78: =SUM(FK78:FN78) | FR78: =FH78 | FX78: =SUM(FT78:FW78) | GA78: =FQ78 | GG78: =SUM(GC78:GF78) | GJ78: =FZ78 | GP78: =SUM(GL78:GO78) | GS78: =GI78 | GY78: =SUM(GU78:GX78) | HB78: =GR78 | HH78: =SUM(HD78:HG78) | HK78: =HA78 | HQ78: =SUM(HM78:HP78) | HT78: =HJ78 | HZ78: =SUM(HV78:HY78) | IC78: =HS78 | II78: =SUM(IE78:IH78) | IL78: =IB78 | IR78: =SUM(IN78:IQ78) | IU78: =IK78 | JA78: =SUM(IW78:IZ78) | JD78: =IT78 | JJ78: =SUM(JF78:JI78) | JM78: =JC78 | JS78: =SUM(JO78:JR78) | JU78: =I78+R78+AA78+AJ78+AS78+BB78+BK78+BT78+CC78+CL78+CU78+DD78+DM78+DV78+EE78+EN78+EW78+FF78+FO78+FX78+GG78+GP78+GY78+HH78+HQ78+HZ78+II78+IR78+JA78+JJ78+JS78 | JV78: =D78+M78+V78+AE78+AN78+AW78+BF78+BO78+BX78+CG78+CP78+CY78+DH78+DQ78+DZ78+EI78+ER78+FA78+FJ78+FS78+GB78+GK78+GT78+HC78+HL78+HU78+ID78+IM78+IV78+JE78+JN78 | JW78: =CHOOSE($Z$3,B78, K78, T78, AC78, AL78, AU78, BD78, BM78, BV78, CE78, CN78, CW78, DF78, DO78, DX78, EG78, EP78, EY78, FH78, FQ78, FZ78, GI78, GR78, HA78, HJ78, HS78, IB78, IK78, IT78, JC78, JL78) | JX78: =IFERROR(JU78/$Z$3,0) | JY78: =Configurações!$C$18 | JZ78: =IF(JY78=0,"— Sem meta",IF(JU78>=JY78,"✓ Atingida","Em andamento")) | KA78: =JU78+(2*0.0000001)
A79: =IF(Configurações!$B$19="","Assessor 13",Configurações!$B$19) | C79: =Configurações!$D$19 | I79: =SUM(E79:H79) | L79: =B79 | R79: =SUM(N79:Q79) | U79: =K79 | AA79: =SUM(W79:Z79) | AD79: =T79 | AJ79: =SUM(AF79:AI79) | AM79: =AC79 | AS79: =SUM(AO79:AR79) | AV79: =AL79 | BB79: =SUM(AX79:BA79) | BE79: =AU79 | BK79: =SUM(BG79:BJ79) | BN79: =BD79 | BT79: =SUM(BP79:BS79) | BW79: =BM79 | CC79: =SUM(BY79:CB79) | CF79: =BV79 | CL79: =SUM(CH79:CK79) | CO79: =CE79 | CU79: =SUM(CQ79:CT79) | CX79: =CN79 | DD79: =SUM(CZ79:DC79) | DG79: =CW79 | DM79: =SUM(DI79:DL79) | DP79: =DF79 | DV79: =SUM(DR79:DU79) | DY79: =DO79 | EE79: =SUM(EA79:ED79) | EH79: =DX79 | EN79: =SUM(EJ79:EM79) | EQ79: =EG79 | EW79: =SUM(ES79:EV79) | EZ79: =EP79 | FF79: =SUM(FB79:FE79) | FI79: =EY79 | FO79: =SUM(FK79:FN79) | FR79: =FH79 | FX79: =SUM(FT79:FW79) | GA79: =FQ79 | GG79: =SUM(GC79:GF79) | GJ79: =FZ79 | GP79: =SUM(GL79:GO79) | GS79: =GI79 | GY79: =SUM(GU79:GX79) | HB79: =GR79 | HH79: =SUM(HD79:HG79) | HK79: =HA79 | HQ79: =SUM(HM79:HP79) | HT79: =HJ79 | HZ79: =SUM(HV79:HY79) | IC79: =HS79 | II79: =SUM(IE79:IH79) | IL79: =IB79 | IR79: =SUM(IN79:IQ79) | IU79: =IK79 | JA79: =SUM(IW79:IZ79) | JD79: =IT79 | JJ79: =SUM(JF79:JI79) | JM79: =JC79 | JS79: =SUM(JO79:JR79) | JU79: =I79+R79+AA79+AJ79+AS79+BB79+BK79+BT79+CC79+CL79+CU79+DD79+DM79+DV79+EE79+EN79+EW79+FF79+FO79+FX79+GG79+GP79+GY79+HH79+HQ79+HZ79+II79+IR79+JA79+JJ79+JS79 | JV79: =D79+M79+V79+AE79+AN79+AW79+BF79+BO79+BX79+CG79+CP79+CY79+DH79+DQ79+DZ79+EI79+ER79+FA79+FJ79+FS79+GB79+GK79+GT79+HC79+HL79+HU79+ID79+IM79+IV79+JE79+JN79 | JW79: =CHOOSE($Z$3,B79, K79, T79, AC79, AL79, AU79, BD79, BM79, BV79, CE79, CN79, CW79, DF79, DO79, DX79, EG79, EP79, EY79, FH79, FQ79, FZ79, GI79, GR79, HA79, HJ79, HS79, IB79, IK79, IT79, JC79, JL79) | JX79: =IFERROR(JU79/$Z$3,0) | JY79: =Configurações!$C$19 | JZ79: =IF(JY79=0,"— Sem meta",IF(JU79>=JY79,"✓ Atingida","Em andamento")) | KA79: =JU79+(1*0.0000001)

Sheet Fevereiro
A1: ="ACOMPANHAMENTO DIÁRIO DE ASSESSORES — FEVEREIRO / "&Configurações!$B$3 | KC1: Dia | KD1: Data | KE1: Produção do Dia | KF1: Captação do Dia
A2: ="Dias no mês: "&$Z$3&" | Cada assessor ocupa 1 linha. Role para a direita para ver os dias. Apenas as células destacadas em amarelo são editáveis." | KC2: 1 | KD2: =IF(1<=$Z$3,DATE(Configurações!$B$3,2,1),"") | KE2: =SUM($I$67:$I$79) | KF2: =SUM($D$67:$D$79) | KH2: COE | KI2: =SUM($E$67:$E$79)+SUM($N$67:$N$79)+SUM($W$67:$W$79)+SUM($AF$67:$AF$79)+SUM($AO$67:$AO$79)+SUM($AX$67:$AX$79)+SUM($BG$67:$BG$79)+SUM($BP$67:$BP$79)+SUM($BY$67:$BY$79)+SUM($CH$67:$CH$79)+SUM($CQ$67:$CQ$79)+SUM($CZ$67:$CZ$79)+SUM($DI$67:$DI$79)+SUM($DR$67:$DR$79)+SUM($EA$67:$EA$79)+SUM($EJ$67:$EJ$79)+SUM($ES$67:$ES$79)+SUM($FB$67:$FB$79)+SUM($FK$67:$FK$79)+SUM($FT$67:$FT$79)+SUM($GC$67:$GC$79)+SUM($GL$67:$GL$79)+SUM($GU$67:$GU$79)+SUM($HD$67:$HD$79)+SUM($HM$67:$HM$79)+SUM($HV$67:$HV$79)+SUM($IE$67:$IE$79)+SUM($IN$67:$IN$79)+SUM($IW$67:$IW$79)+SUM($JF$67:$JF$79)+SUM($JO$67:$JO$79)
Y3: Dias no mês | Z3: =DAY(EOMONTH(DATE(Configurações!$B$3,2,1),0)) | KC3: 2 | KD3: =IF(2<=$Z$3,DATE(Configurações!$B$3,2,2),"") | KE3: =SUM($R$67:$R$79) | KF3: =SUM($M$67:$M$79) | KH3: PREVIDÊNCIA | KI3: =SUM($F$67:$F$79)+SUM($O$67:$O$79)+SUM($X$67:$X$79)+SUM($AG$67:$AG$79)+SUM($AP$67:$AP$79)+SUM($AY$67:$AY$79)+SUM($BH$67:$BH$79)+SUM($BQ$67:$BQ$79)+SUM($BZ$67:$BZ$79)+SUM($CI$67:$CI$79)+SUM($CR$67:$CR$79)+SUM($DA$67:$DA$79)+SUM($DJ$67:$DJ$79)+SUM($DS$67:$DS$79)+SUM($EB$67:$EB$79)+SUM($EK$67:$EK$79)+SUM($ET$67:$ET$79)+SUM($FC$67:$FC$79)+SUM($FL$67:$FL$79)+SUM($FU$67:$FU$79)+SUM($GD$67:$GD$79)+SUM($GM$67:$GM$79)+SUM($GV$67:$GV$79)+SUM($HE$67:$HE$79)+SUM($HN$67:$HN$79)+SUM($HW$67:$HW$79)+SUM($IF$67:$IF$79)+SUM($IO$67:$IO$79)+SUM($IX$67:$IX$79)+SUM($JG$67:$JG$79)+SUM($JP$67:$JP$79)
A4: 📊 INDICADORES DO MÊS | KC4: 3 | KD4: =IF(3<=$Z$3,DATE(Configurações!$B$3,2,3),"") | KE4: =SUM($AA$67:$AA$79) | KF4: =SUM($V$67:$V$79) | KH4: CRÉDITO PRIVADO | KI4: =SUM($G$67:$G$79)+SUM($P$67:$P$79)+SUM($Y$67:$Y$79)+SUM($AH$67:$AH$79)+SUM($AQ$67:$AQ$79)+SUM($AZ$67:$AZ$79)+SUM($BI$67:$BI$79)+SUM($BR$67:$BR$79)+SUM($CA$67:$CA$79)+SUM($CJ$67:$CJ$79)+SUM($CS$67:$CS$79)+SUM($DB$67:$DB$79)+SUM($DK$67:$DK$79)+SUM($DT$67:$DT$79)+SUM($EC$67:$EC$79)+SUM($EL$67:$EL$79)+SUM($EU$67:$EU$79)+SUM($FD$67:$FD$79)+SUM($FM$67:$FM$79)+SUM($FV$67:$FV$79)+SUM($GE$67:$GE$79)+SUM($GN$67:$GN$79)+SUM($GW$67:$GW$79)+SUM($HF$67:$HF$79)+SUM($HO$67:$HO$79)+SUM($HX$67:$HX$79)+SUM($IG$67:$IG$79)+SUM($IP$67:$IP$79)+SUM($IY$67:$IY$79)+SUM($JH$67:$JH$79)+SUM($JQ$67:$JQ$79)
A5: PRODUÇÃO TOTAL DO MÊS | C5: CAPTAÇÃO LÍQUIDA DO MÊS | E5: SALDO PULSO TOTAL (ATUAL) | G5: MÉDIA DIÁRIA DA EQUIPE | I5: MELHOR DIA DE PRODUÇÃO | K5: MELHOR ASSESSOR DO MÊS | KC5: 4 | KD5: =IF(4<=$Z$3,DATE(Configurações!$B$3,2,4),"") | KE5: =SUM($AJ$67:$AJ$79) | KF5: =SUM($AE$67:$AE$79) | KH5: TÍTULOS PÚBLICOS | KI5: =SUM($H$67:$H$79)+SUM($Q$67:$Q$79)+SUM($Z$67:$Z$79)+SUM($AI$67:$AI$79)+SUM($AR$67:$AR$79)+SUM($BA$67:$BA$79)+SUM($BJ$67:$BJ$79)+SUM($BS$67:$BS$79)+SUM($CB$67:$CB$79)+SUM($CK$67:$CK$79)+SUM($CT$67:$CT$79)+SUM($DC$67:$DC$79)+SUM($DL$67:$DL$79)+SUM($DU$67:$DU$79)+SUM($ED$67:$ED$79)+SUM($EM$67:$EM$79)+SUM($EV$67:$EV$79)+SUM($FE$67:$FE$79)+SUM($FN$67:$FN$79)+SUM($FW$67:$FW$79)+SUM($GF$67:$GF$79)+SUM($GO$67:$GO$79)+SUM($GX$67:$GX$79)+SUM($HG$67:$HG$79)+SUM($HP$67:$HP$79)+SUM($HY$67:$HY$79)+SUM($IH$67:$IH$79)+SUM($IQ$67:$IQ$79)+SUM($IZ$67:$IZ$79)+SUM($JI$67:$JI$79)+SUM($JR$67:$JR$79)
A6: =SUM($JU$67:$JU$79) | C6: =SUM($JV$67:$JV$79) | E6: =SUM($JW$67:$JW$79) | G6: =IFERROR(SUM($JU$67:$JU$79)/$Z$3,0) | I6: =IFERROR("Dia "&TEXT(INDEX($KD$2:$KD$32,MATCH(MAX($KE$2:$KE$32),$KE$2:$KE$32,0)),"dd/mm")&" - "&TEXT(MAX($KE$2:$KE$32),"R$ #,##0"),"—") | K6: =IFERROR($B$14&" - "&TEXT($C$14,"R$ #,##0"),"—") | KC6: 5 | KD6: =IF(5<=$Z$3,DATE(Configurações!$B$3,2,5),"") | KE6: =SUM($AS$67:$AS$79) | KF6: =SUM($AN$67:$AN$79)
KC7: 6 | KD7: =IF(6<=$Z$3,DATE(Configurações!$B$3,2,6),"") | KE7: =SUM($BB$67:$BB$79) | KF7: =SUM($AW$67:$AW$79)
A8: 💰 TOTAIS POR PRODUTO | KC8: 7 | KD8: =IF(7<=$Z$3,DATE(Configurações!$B$3,2,7),"") | KE8: =SUM($BK$67:$BK$79) | KF8: =SUM($BF$67:$BF$79)
A9: COE | D9: PREVIDÊNCIA | G9: CRÉDITO PRIVADO | J9: TÍTULOS PÚBLICOS | KC9: 8 | KD9: =IF(8<=$Z$3,DATE(Configurações!$B$3,2,8),"") | KE9: =SUM($BT$67:$BT$79) | KF9: =SUM($BO$67:$BO$79)
A10: =SUM($E$67:$E$79)+SUM($N$67:$N$79)+SUM($W$67:$W$79)+SUM($AF$67:$AF$79)+SUM($AO$67:$AO$79)+SUM($AX$67:$AX$79)+SUM($BG$67:$BG$79)+SUM($BP$67:$BP$79)+SUM($BY$67:$BY$79)+SUM($CH$67:$CH$79)+SUM($CQ$67:$CQ$79)+SUM($CZ$67:$CZ$79)+SUM($DI$67:$DI$79)+SUM($DR$67:$DR$79)+SUM($EA$67:$EA$79)+SUM($EJ$67:$EJ$79)+SUM($ES$67:$ES$79)+SUM($FB$67:$FB$79)+SUM($FK$67:$FK$79)+SUM($FT$67:$FT$79)+SUM($GC$67:$GC$79)+SUM($GL$67:$GL$79)+SUM($GU$67:$GU$79)+SUM($HD$67:$HD$79)+SUM($HM$67:$HM$79)+SUM($HV$67:$HV$79)+SUM($IE$67:$IE$79)+SUM($IN$67:$IN$79)+SUM($IW$67:$IW$79)+SUM($JF$67:$JF$79)+SUM($JO$67:$JO$79) | D10: =SUM($F$67:$F$79)+SUM($O$67:$O$79)+SUM($X$67:$X$79)+SUM($AG$67:$AG$79)+SUM($AP$67:$AP$79)+SUM($AY$67:$AY$79)+SUM($BH$67:$BH$79)+SUM($BQ$67:$BQ$79)+SUM($BZ$67:$BZ$79)+SUM($CI$67:$CI$79)+SUM($CR$67:$CR$79)+SUM($DA$67:$DA$79)+SUM($DJ$67:$DJ$79)+SUM($DS$67:$DS$79)+SUM($EB$67:$EB$79)+SUM($EK$67:$EK$79)+SUM($ET$67:$ET$79)+SUM($FC$67:$FC$79)+SUM($FL$67:$FL$79)+SUM($FU$67:$FU$79)+SUM($GD$67:$GD$79)+SUM($GM$67:$GM$79)+SUM($GV$67:$GV$79)+SUM($HE$67:$HE$79)+SUM($HN$67:$HN$79)+SUM($HW$67:$HW$79)+SUM($IF$67:$IF$79)+SUM($IO$67:$IO$79)+SUM($IX$67:$IX$79)+SUM($JG$67:$JG$79)+SUM($JP$67:$JP$79) | G10: =SUM($G$67:$G$79)+SUM($P$67:$P$79)+SUM($Y$67:$Y$79)+SUM($AH$67:$AH$79)+SUM($AQ$67:$AQ$79)+SUM($AZ$67:$AZ$79)+SUM($BI$67:$BI$79)+SUM($BR$67:$BR$79)+SUM($CA$67:$CA$79)+SUM($CJ$67:$CJ$79)+SUM($CS$67:$CS$79)+SUM($DB$67:$DB$79)+SUM($DK$67:$DK$79)+SUM($DT$67:$DT$79)+SUM($EC$67:$EC$79)+SUM($EL$67:$EL$79)+SUM($EU$67:$EU$79)+SUM($FD$67:$FD$79)+SUM($FM$67:$FM$79)+SUM($FV$67:$FV$79)+SUM($GE$67:$GE$79)+SUM($GN$67:$GN$79)+SUM($GW$67:$GW$79)+SUM($HF$67:$HF$79)+SUM($HO$67:$HO$79)+SUM($HX$67:$HX$79)+SUM($IG$67:$IG$79)+SUM($IP$67:$IP$79)+SUM($IY$67:$IY$79)+SUM($JH$67:$JH$79)+SUM($JQ$67:$JQ$79) | J10: =SUM($H$67:$H$79)+SUM($Q$67:$Q$79)+SUM($Z$67:$Z$79)+SUM($AI$67:$AI$79)+SUM($AR$67:$AR$79)+SUM($BA$67:$BA$79)+SUM($BJ$67:$BJ$79)+SUM($BS$67:$BS$79)+SUM($CB$67:$CB$79)+SUM($CK$67:$CK$79)+SUM($CT$67:$CT$79)+SUM($DC$67:$DC$79)+SUM($DL$67:$DL$79)+SUM($DU$67:$DU$79)+SUM($ED$67:$ED$79)+SUM($EM$67:$EM$79)+SUM($EV$67:$EV$79)+SUM($FE$67:$FE$79)+SUM($FN$67:$FN$79)+SUM($FW$67:$FW$79)+SUM($GF$67:$GF$79)+SUM($GO$67:$GO$79)+SUM($GX$67:$GX$79)+SUM($HG$67:$HG$79)+SUM($HP$67:$HP$79)+SUM($HY$67:$HY$79)+SUM($IH$67:$IH$79)+SUM($IQ$67:$IQ$79)+SUM($IZ$67:$IZ$79)+SUM($JI$67:$JI$79)+SUM($JR$67:$JR$79) | KC10: 9 | KD10: =IF(9<=$Z$3,DATE(Configurações!$B$3,2,9),"") | KE10: =SUM($CC$67:$CC$79) | KF10: =SUM($BX$67:$BX$79)
KC11: 10 | KD11: =IF(10<=$Z$3,DATE(Configurações!$B$3,2,10),"") | KE11: =SUM($CL$67:$CL$79) | KF11: =SUM($CG$67:$CG$79)
A12: 🏆 RANKING DE ASSESSORES (TOP 5 EM DESTAQUE) | KC12: 11 | KD12: =IF(11<=$Z$3,DATE(Configurações!$B$3,2,11),"") | KE12: =SUM($CU$67:$CU$79) | KF12: =SUM($CP$67:$CP$79)
A13: Pos. | B13: Assessor | C13: Produção Total | D13: Captação Líquida | E13: Saldo Pulso Atual | F13: Média Diária | G13: Meta Mensal | H13: Status | KC13: 12 | KD13: =IF(12<=$Z$3,DATE(Configurações!$B$3,2,12),"") | KE13: =SUM($DD$67:$DD$79) | KF13: =SUM($CY$67:$CY$79)
A14: 1 | B14: =INDEX($A$67:$A$79,MATCH(LARGE($KA$67:$KA$79,1),$KA$67:$KA$79,0)) | C14: =INDEX($JU$67:$JU$79,MATCH(LARGE($KA$67:$KA$79,1),$KA$67:$KA$79,0)) | D14: =INDEX($JV$67:$JV$79,MATCH(LARGE($KA$67:$KA$79,1),$KA$67:$KA$79,0)) | E14: =INDEX($JW$67:$JW$79,MATCH(LARGE($KA$67:$KA$79,1),$KA$67:$KA$79,0)) | F14: =INDEX($JX$67:$JX$79,MATCH(LARGE($KA$67:$KA$79,1),$KA$67:$KA$79,0)) | G14: =INDEX($JY$67:$JY$79,MATCH(LARGE($KA$67:$KA$79,1),$KA$67:$KA$79,0)) | H14: =IF(G14=0,"— Sem meta",IF(C14>=G14,"✓ Meta atingida","Em andamento")) | KC14: 13 | KD14: =IF(13<=$Z$3,DATE(Configurações!$B$3,2,13),"") | KE14: =SUM($DM$67:$DM$79) | KF14: =SUM($DH$67:$DH$79)
A15: 2 | B15: =INDEX($A$67:$A$79,MATCH(LARGE($KA$67:$KA$79,2),$KA$67:$KA$79,0)) | C15: =INDEX($JU$67:$JU$79,MATCH(LARGE($KA$67:$KA$79,2),$KA$67:$KA$79,0)) | D15: =INDEX($JV$67:$JV$79,MATCH(LARGE($KA$67:$KA$79,2),$KA$67:$KA$79,0)) | E15: =INDEX($JW$67:$JW$79,MATCH(LARGE($KA$67:$KA$79,2),$KA$67:$KA$79,0)) | F15: =INDEX($JX$67:$JX$79,MATCH(LARGE($KA$67:$KA$79,2),$KA$67:$KA$79,0)) | G15: =INDEX($JY$67:$JY$79,MATCH(LARGE($KA$67:$KA$79,2),$KA$67:$KA$79,0)) | H15: =IF(G15=0,"— Sem meta",IF(C15>=G15,"✓ Meta atingida","Em andamento")) | KC15: 14 | KD15: =IF(14<=$Z$3,DATE(Configurações!$B$3,2,14),"") | KE15: =SUM($DV$67:$DV$79) | KF15: =SUM($DQ$67:$DQ$79)
A16: 3 | B16: =INDEX($A$67:$A$79,MATCH(LARGE($KA$67:$KA$79,3),$KA$67:$KA$79,0)) | C16: =INDEX($JU$67:$JU$79,MATCH(LARGE($KA$67:$KA$79,3),$KA$67:$KA$79,0)) | D16: =INDEX($JV$67:$JV$79,MATCH(LARGE($KA$67:$KA$79,3),$KA$67:$KA$79,0)) | E16: =INDEX($JW$67:$JW$79,MATCH(LARGE($KA$67:$KA$79,3),$KA$67:$KA$79,0)) | F16: =INDEX($JX$67:$JX$79,MATCH(LARGE($KA$67:$KA$79,3),$KA$67:$KA$79,0)) | G16: =INDEX($JY$67:$JY$79,MATCH(LARGE($KA$67:$KA$79,3),$KA$67:$KA$79,0)) | H16: =IF(G16=0,"— Sem meta",IF(C16>=G16,"✓ Meta atingida","Em andamento")) | KC16: 15 | KD16: =IF(15<=$Z$3,DATE(Configurações!$B$3,2,15),"") | KE16: =SUM($EE$67:$EE$79) | KF16: =SUM($DZ$67:$DZ$79)
A17: 4 | B17: =INDEX($A$67:$A$79,MATCH(LARGE($KA$67:$KA$79,4),$KA$67:$KA$79,0)) | C17: =INDEX($JU$67:$JU$79,MATCH(LARGE($KA$67:$KA$79,4),$KA$67:$KA$79,0)) | D17: =INDEX($JV$67:$JV$79,MATCH(LARGE($KA$67:$KA$79,4),$KA$67:$KA$79,0)) | E17: =INDEX($JW$67:$JW$79,MATCH(LARGE($KA$67:$KA$79,4),$KA$67:$KA$79,0)) | F17: =INDEX($JX$67:$JX$79,MATCH(LARGE($KA$67:$KA$79,4),$KA$67:$KA$79,0)) | G17: =INDEX($JY$67:$JY$79,MATCH(LARGE($KA$67:$KA$79,4),$KA$67:$KA$79,0)) | H17: =IF(G17=0,"— Sem meta",IF(C17>=G17,"✓ Meta atingida","Em andamento")) | KC17: 16 | KD17: =IF(16<=$Z$3,DATE(Configurações!$B$3,2,16),"") | KE17: =SUM($EN$67:$EN$79) | KF17: =SUM($EI$67:$EI$79)
A18: 5 | B18: =INDEX($A$67:$A$79,MATCH(LARGE($KA$67:$KA$79,5),$KA$67:$KA$79,0)) | C18: =INDEX($JU$67:$JU$79,MATCH(LARGE($KA$67:$KA$79,5),$KA$67:$KA$79,0)) | D18: =INDEX($JV$67:$JV$79,MATCH(LARGE($KA$67:$KA$79,5),$KA$67:$KA$79,0)) | E18: =INDEX($JW$67:$JW$79,MATCH(LARGE($KA$67:$KA$79,5),$KA$67:$KA$79,0)) | F18: =INDEX($JX$67:$JX$79,MATCH(LARGE($KA$67:$KA$79,5),$KA$67:$KA$79,0)) | G18: =INDEX($JY$67:$JY$79,MATCH(LARGE($KA$67:$KA$79,5),$KA$67:$KA$79,0)) | H18: =IF(G18=0,"— Sem meta",IF(C18>=G18,"✓ Meta atingida","Em andamento")) | KC18: 17 | KD18: =IF(17<=$Z$3,DATE(Configurações!$B$3,2,17),"") | KE18: =SUM($EW$67:$EW$79) | KF18: =SUM($ER$67:$ER$79)
A19: 6 | B19: =INDEX($A$67:$A$79,MATCH(LARGE($KA$67:$KA$79,6),$KA$67:$KA$79,0)) | C19: =INDEX($JU$67:$JU$79,MATCH(LARGE($KA$67:$KA$79,6),$KA$67:$KA$79,0)) | D19: =INDEX($JV$67:$JV$79,MATCH(LARGE($KA$67:$KA$79,6),$KA$67:$KA$79,0)) | E19: =INDEX($JW$67:$JW$79,MATCH(LARGE($KA$67:$KA$79,6),$KA$67:$KA$79,0)) | F19: =INDEX($JX$67:$JX$79,MATCH(LARGE($KA$67:$KA$79,6),$KA$67:$KA$79,0)) | G19: =INDEX($JY$67:$JY$79,MATCH(LARGE($KA$67:$KA$79,6),$KA$67:$KA$79,0)) | H19: =IF(G19=0,"— Sem meta",IF(C19>=G19,"✓ Meta atingida","Em andamento")) | KC19: 18 | KD19: =IF(18<=$Z$3,DATE(Configurações!$B$3,2,18),"") | KE19: =SUM($FF$67:$FF$79) | KF19: =SUM($FA$67:$FA$79)
A20: 7 | B20: =INDEX($A$67:$A$79,MATCH(LARGE($KA$67:$KA$79,7),$KA$67:$KA$79,0)) | C20: =INDEX($JU$67:$JU$79,MATCH(LARGE($KA$67:$KA$79,7),$KA$67:$KA$79,0)) | D20: =INDEX($JV$67:$JV$79,MATCH(LARGE($KA$67:$KA$79,7),$KA$67:$KA$79,0)) | E20: =INDEX($JW$67:$JW$79,MATCH(LARGE($KA$67:$KA$79,7),$KA$67:$KA$79,0)) | F20: =INDEX($JX$67:$JX$79,MATCH(LARGE($KA$67:$KA$79,7),$KA$67:$KA$79,0)) | G20: =INDEX($JY$67:$JY$79,MATCH(LARGE($KA$67:$KA$79,7),$KA$67:$KA$79,0)) | H20: =IF(G20=0,"— Sem meta",IF(C20>=G20,"✓ Meta atingida","Em andamento")) | KC20: 19 | KD20: =IF(19<=$Z$3,DATE(Configurações!$B$3,2,19),"") | KE20: =SUM($FO$67:$FO$79) | KF20: =SUM($FJ$67:$FJ$79)
A21: 8 | B21: =INDEX($A$67:$A$79,MATCH(LARGE($KA$67:$KA$79,8),$KA$67:$KA$79,0)) | C21: =INDEX($JU$67:$JU$79,MATCH(LARGE($KA$67:$KA$79,8),$KA$67:$KA$79,0)) | D21: =INDEX($JV$67:$JV$79,MATCH(LARGE($KA$67:$KA$79,8),$KA$67:$KA$79,0)) | E21: =INDEX($JW$67:$JW$79,MATCH(LARGE($KA$67:$KA$79,8),$KA$67:$KA$79,0)) | F21: =INDEX($JX$67:$JX$79,MATCH(LARGE($KA$67:$KA$79,8),$KA$67:$KA$79,0)) | G21: =INDEX($JY$67:$JY$79,MATCH(LARGE($KA$67:$KA$79,8),$KA$67:$KA$79,0)) | H21: =IF(G21=0,"— Sem meta",IF(C21>=G21,"✓ Meta atingida","Em andamento")) | KC21: 20 | KD21: =IF(20<=$Z$3,DATE(Configurações!$B$3,2,20),"") | KE21: =SUM($FX$67:$FX$79) | KF21: =SUM($FS$67:$FS$79)
A22: 9 | B22: =INDEX($A$67:$A$79,MATCH(LARGE($KA$67:$KA$79,9),$KA$67:$KA$79,0)) | C22: =INDEX($JU$67:$JU$79,MATCH(LARGE($KA$67:$KA$79,9),$KA$67:$KA$79,0)) | D22: =INDEX($JV$67:$JV$79,MATCH(LARGE($KA$67:$KA$79,9),$KA$67:$KA$79,0)) | E22: =INDEX($JW$67:$JW$79,MATCH(LARGE($KA$67:$KA$79,9),$KA$67:$KA$79,0)) | F22: =INDEX($JX$67:$JX$79,MATCH(LARGE($KA$67:$KA$79,9),$KA$67:$KA$79,0)) | G22: =INDEX($JY$67:$JY$79,MATCH(LARGE($KA$67:$KA$79,9),$KA$67:$KA$79,0)) | H22: =IF(G22=0,"— Sem meta",IF(C22>=G22,"✓ Meta atingida","Em andamento")) | KC22: 21 | KD22: =IF(21<=$Z$3,DATE(Configurações!$B$3,2,21),"") | KE22: =SUM($GG$67:$GG$79) | KF22: =SUM($GB$67:$GB$79)
A23: 10 | B23: =INDEX($A$67:$A$79,MATCH(LARGE($KA$67:$KA$79,10),$KA$67:$KA$79,0)) | C23: =INDEX($JU$67:$JU$79,MATCH(LARGE($KA$67:$KA$79,10),$KA$67:$KA$79,0)) | D23: =INDEX($JV$67:$JV$79,MATCH(LARGE($KA$67:$KA$79,10),$KA$67:$KA$79,0)) | E23: =INDEX($JW$67:$JW$79,MATCH(LARGE($KA$67:$KA$79,10),$KA$67:$KA$79,0)) | F23: =INDEX($JX$67:$JX$79,MATCH(LARGE($KA$67:$KA$79,10),$KA$67:$KA$79,0)) | G23: =INDEX($JY$67:$JY$79,MATCH(LARGE($KA$67:$KA$79,10),$KA$67:$KA$79,0)) | H23: =IF(G23=0,"— Sem meta",IF(C23>=G23,"✓ Meta atingida","Em andamento")) | KC23: 22 | KD23: =IF(22<=$Z$3,DATE(Configurações!$B$3,2,22),"") | KE23: =SUM($GP$67:$GP$79) | KF23: =SUM($GK$67:$GK$79)
A24: 11 | B24: =INDEX($A$67:$A$79,MATCH(LARGE($KA$67:$KA$79,11),$KA$67:$KA$79,0)) | C24: =INDEX($JU$67:$JU$79,MATCH(LARGE($KA$67:$KA$79,11),$KA$67:$KA$79,0)) | D24: =INDEX($JV$67:$JV$79,MATCH(LARGE($KA$67:$KA$79,11),$KA$67:$KA$79,0)) | E24: =INDEX($JW$67:$JW$79,MATCH(LARGE($KA$67:$KA$79,11),$KA$67:$KA$79,0)) | F24: =INDEX($JX$67:$JX$79,MATCH(LARGE($KA$67:$KA$79,11),$KA$67:$KA$79,0)) | G24: =INDEX($JY$67:$JY$79,MATCH(LARGE($KA$67:$KA$79,11),$KA$67:$KA$79,0)) | H24: =IF(G24=0,"— Sem meta",IF(C24>=G24,"✓ Meta atingida","Em andamento")) | KC24: 23 | KD24: =IF(23<=$Z$3,DATE(Configurações!$B$3,2,23),"") | KE24: =SUM($GY$67:$GY$79) | KF24: =SUM($GT$67:$GT$79)
A25: 12 | B25: =INDEX($A$67:$A$79,MATCH(LARGE($KA$67:$KA$79,12),$KA$67:$KA$79,0)) | C25: =INDEX($JU$67:$JU$79,MATCH(LARGE($KA$67:$KA$79,12),$KA$67:$KA$79,0)) | D25: =INDEX($JV$67:$JV$79,MATCH(LARGE($KA$67:$KA$79,12),$KA$67:$KA$79,0)) | E25: =INDEX($JW$67:$JW$79,MATCH(LARGE($KA$67:$KA$79,12),$KA$67:$KA$79,0)) | F25: =INDEX($JX$67:$JX$79,MATCH(LARGE($KA$67:$KA$79,12),$KA$67:$KA$79,0)) | G25: =INDEX($JY$67:$JY$79,MATCH(LARGE($KA$67:$KA$79,12),$KA$67:$KA$79,0)) | H25: =IF(G25=0,"— Sem meta",IF(C25>=G25,"✓ Meta atingida","Em andamento")) | KC25: 24 | KD25: =IF(24<=$Z$3,DATE(Configurações!$B$3,2,24),"") | KE25: =SUM($HH$67:$HH$79) | KF25: =SUM($HC$67:$HC$79)
A26: 13 | B26: =INDEX($A$67:$A$79,MATCH(LARGE($KA$67:$KA$79,13),$KA$67:$KA$79,0)) | C26: =INDEX($JU$67:$JU$79,MATCH(LARGE($KA$67:$KA$79,13),$KA$67:$KA$79,0)) | D26: =INDEX($JV$67:$JV$79,MATCH(LARGE($KA$67:$KA$79,13),$KA$67:$KA$79,0)) | E26: =INDEX($JW$67:$JW$79,MATCH(LARGE($KA$67:$KA$79,13),$KA$67:$KA$79,0)) | F26: =INDEX($JX$67:$JX$79,MATCH(LARGE($KA$67:$KA$79,13),$KA$67:$KA$79,0)) | G26: =INDEX($JY$67:$JY$79,MATCH(LARGE($KA$67:$KA$79,13),$KA$67:$KA$79,0)) | H26: =IF(G26=0,"— Sem meta",IF(C26>=G26,"✓ Meta atingida","Em andamento")) | KC26: 25 | KD26: =IF(25<=$Z$3,DATE(Configurações!$B$3,2,25),"") | KE26: =SUM($HQ$67:$HQ$79) | KF26: =SUM($HL$67:$HL$79)
KC27: 26 | KD27: =IF(26<=$Z$3,DATE(Configurações!$B$3,2,26),"") | KE27: =SUM($HZ$67:$HZ$79) | KF27: =SUM($HU$67:$HU$79)
KC28: 27 | KD28: =IF(27<=$Z$3,DATE(Configurações!$B$3,2,27),"") | KE28: =SUM($II$67:$II$79) | KF28: =SUM($ID$67:$ID$79)
KC29: 28 | KD29: =IF(28<=$Z$3,DATE(Configurações!$B$3,2,28),"") | KE29: =SUM($IR$67:$IR$79) | KF29: =SUM($IM$67:$IM$79)
KC30: 29 | KD30: =IF(29<=$Z$3,DATE(Configurações!$B$3,2,29),"") | KE30: =SUM($JA$67:$JA$79) | KF30: =SUM($IV$67:$IV$79)
KC31: 30 | KD31: =IF(30<=$Z$3,DATE(Configurações!$B$3,2,30),"") | KE31: =SUM($JJ$67:$JJ$79) | KF31: =SUM($JE$67:$JE$79)
KC32: 31 | KD32: =IF(31<=$Z$3,DATE(Configurações!$B$3,2,31),"") | KE32: =SUM($JS$67:$JS$79) | KF32: =SUM($JN$67:$JN$79)
A64: 📋 LANÇAMENTOS DIÁRIOS POR ASSESSOR (role para a direita)
A65: Assessor | B65: ="Dia 1 — "&IF(1<=$Z$3,TEXT(DATE(Configurações!$B$3,2,1),"dd/mm")&" ("&CHOOSE(WEEKDAY(DATE(Configurações!$B$3,2,1)),"Dom","Seg","Ter","Qua","Qui","Sex","Sáb")&")","—") | K65: ="Dia 2 — "&IF(2<=$Z$3,TEXT(DATE(Configurações!$B$3,2,2),"dd/mm")&" ("&CHOOSE(WEEKDAY(DATE(Configurações!$B$3,2,2)),"Dom","Seg","Ter","Qua","Qui","Sex","Sáb")&")","—") | T65: ="Dia 3 — "&IF(3<=$Z$3,TEXT(DATE(Configurações!$B$3,2,3),"dd/mm")&" ("&CHOOSE(WEEKDAY(DATE(Configurações!$B$3,2,3)),"Dom","Seg","Ter","Qua","Qui","Sex","Sáb")&")","—") | AC65: ="Dia 4 — "&IF(4<=$Z$3,TEXT(DATE(Configurações!$B$3,2,4),"dd/mm")&" ("&CHOOSE(WEEKDAY(DATE(Configurações!$B$3,2,4)),"Dom","Seg","Ter","Qua","Qui","Sex","Sáb")&")","—") | AL65: ="Dia 5 — "&IF(5<=$Z$3,TEXT(DATE(Configurações!$B$3,2,5),"dd/mm")&" ("&CHOOSE(WEEKDAY(DATE(Configurações!$B$3,2,5)),"Dom","Seg","Ter","Qua","Qui","Sex","Sáb")&")","—") | AU65: ="Dia 6 — "&IF(6<=$Z$3,TEXT(DATE(Configurações!$B$3,2,6),"dd/mm")&" ("&CHOOSE(WEEKDAY(DATE(Configurações!$B$3,2,6)),"Dom","Seg","Ter","Qua","Qui","Sex","Sáb")&")","—") | BD65: ="Dia 7 — "&IF(7<=$Z$3,TEXT(DATE(Configurações!$B$3,2,7),"dd/mm")&" ("&CHOOSE(WEEKDAY(DATE(Configurações!$B$3,2,7)),"Dom","Seg","Ter","Qua","Qui","Sex","Sáb")&")","—") | BM65: ="Dia 8 — "&IF(8<=$Z$3,TEXT(DATE(Configurações!$B$3,2,8),"dd/mm")&" ("&CHOOSE(WEEKDAY(DATE(Configurações!$B$3,2,8)),"Dom","Seg","Ter","Qua","Qui","Sex","Sáb")&")","—") | BV65: ="Dia 9 — "&IF(9<=$Z$3,TEXT(DATE(Configurações!$B$3,2,9),"dd/mm")&" ("&CHOOSE(WEEKDAY(DATE(Configurações!$B$3,2,9)),"Dom","Seg","Ter","Qua","Qui","Sex","Sáb")&")","—") | CE65: ="Dia 10 — "&IF(10<=$Z$3,TEXT(DATE(Configurações!$B$3,2,10),"dd/mm")&" ("&CHOOSE(WEEKDAY(DATE(Configurações!$B$3,2,10)),"Dom","Seg","Ter","Qua","Qui","Sex","Sáb")&")","—") | CN65: ="Dia 11 — "&IF(11<=$Z$3,TEXT(DATE(Configurações!$B$3,2,11),"dd/mm")&" ("&CHOOSE(WEEKDAY(DATE(Configurações!$B$3,2,11)),"Dom","Seg","Ter","Qua","Qui","Sex","Sáb")&")","—") | CW65: ="Dia 12 — "&IF(12<=$Z$3,TEXT(DATE(Configurações!$B$3,2,12),"dd/mm")&" ("&CHOOSE(WEEKDAY(DATE(Configurações!$B$3,2,12)),"Dom","Seg","Ter","Qua","Qui","Sex","Sáb")&")","—") | DF65: ="Dia 13 — "&IF(13<=$Z$3,TEXT(DATE(Configurações!$B$3,2,13),"dd/mm")&" ("&CHOOSE(WEEKDAY(DATE(Configurações!$B$3,2,13)),"Dom","Seg","Ter","Qua","Qui","Sex","Sáb")&")","—") | DO65: ="Dia 14 — "&IF(14<=$Z$3,TEXT(DATE(Configurações!$B$3,2,14),"dd/mm")&" ("&CHOOSE(WEEKDAY(DATE(Configurações!$B$3,2,14)),"Dom","Seg","Ter","Qua","Qui","Sex","Sáb")&")","—") | DX65: ="Dia 15 — "&IF(15<=$Z$3,TEXT(DATE(Configurações!$B$3,2,15),"dd/mm")&" ("&CHOOSE(WEEKDAY(DATE(Configurações!$B$3,2,15)),"Dom","Seg","Ter","Qua","Qui","Sex","Sáb")&")","—") | EG65: ="Dia 16 — "&IF(16<=$Z$3,TEXT(DATE(Configurações!$B$3,2,16),"dd/mm")&" ("&CHOOSE(WEEKDAY(DATE(Configurações!$B$3,2,16)),"Dom","Seg","Ter","Qua","Qui","Sex","Sáb")&")","—") | EP65: ="Dia 17 — "&IF(17<=$Z$3,TEXT(DATE(Configurações!$B$3,2,17),"dd/mm")&" ("&CHOOSE(WEEKDAY(DATE(Configurações!$B$3,2,17)),"Dom","Seg","Ter","Qua","Qui","Sex","Sáb")&")","—") | EY65: ="Dia 18 — "&IF(18<=$Z$3,TEXT(DATE(Configurações!$B$3,2,18),"dd/mm")&" ("&CHOOSE(WEEKDAY(DATE(Configurações!$B$3,2,18)),"Dom","Seg","Ter","Qua","Qui","Sex","Sáb")&")","—") | FH65: ="Dia 19 — "&IF(19<=$Z$3,TEXT(DATE(Configurações!$B$3,2,19),"dd/mm")&" ("&CHOOSE(WEEKDAY(DATE(Configurações!$B$3,2,19)),"Dom","Seg","Ter","Qua","Qui","Sex","Sáb")&")","—") | FQ65: ="Dia 20 — "&IF(20<=$Z$3,TEXT(DATE(Configurações!$B$3,2,20),"dd/mm")&" ("&CHOOSE(WEEKDAY(DATE(Configurações!$B$3,2,20)),"Dom","Seg","Ter","Qua","Qui","Sex","Sáb")&")","—") | FZ65: ="Dia 21 — "&IF(21<=$Z$3,TEXT(DATE(Configurações!$B$3,2,21),"dd/mm")&" ("&CHOOSE(WEEKDAY(DATE(Configurações!$B$3,2,21)),"Dom","Seg","Ter","Qua","Qui","Sex","Sáb")&")","—") | GI65: ="Dia 22 — "&IF(22<=$Z$3,TEXT(DATE(Configurações!$B$3,2,22),"dd/mm")&" ("&CHOOSE(WEEKDAY(DATE(Configurações!$B$3,2,22)),"Dom","Seg","Ter","Qua","Qui","Sex","Sáb")&")","—") | GR65: ="Dia 23 — "&IF(23<=$Z$3,TEXT(DATE(Configurações!$B$3,2,23),"dd/mm")&" ("&CHOOSE(WEEKDAY(DATE(Configurações!$B$3,2,23)),"Dom","Seg","Ter","Qua","Qui","Sex","Sáb")&")","—") | HA65: ="Dia 24 — "&IF(24<=$Z$3,TEXT(DATE(Configurações!$B$3,2,24),"dd/mm")&" ("&CHOOSE(WEEKDAY(DATE(Configurações!$B$3,2,24)),"Dom","Seg","Ter","Qua","Qui","Sex","Sáb")&")","—") | HJ65: ="Dia 25 — "&IF(25<=$Z$3,TEXT(DATE(Configurações!$B$3,2,25),"dd/mm")&" ("&CHOOSE(WEEKDAY(DATE(Configurações!$B$3,2,25)),"Dom","Seg","Ter","Qua","Qui","Sex","Sáb")&")","—") | HS65: ="Dia 26 — "&IF(26<=$Z$3,TEXT(DATE(Configurações!$B$3,2,26),"dd/mm")&" ("&CHOOSE(WEEKDAY(DATE(Configurações!$B$3,2,26)),"Dom","Seg","Ter","Qua","Qui","Sex","Sáb")&")","—") | IB65: ="Dia 27 — "&IF(27<=$Z$3,TEXT(DATE(Configurações!$B$3,2,27),"dd/mm")&" ("&CHOOSE(WEEKDAY(DATE(Configurações!$B$3,2,27)),"Dom","Seg","Ter","Qua","Qui","Sex","Sáb")&")","—") | IK65: ="Dia 28 — "&IF(28<=$Z$3,TEXT(DATE(Configurações!$B$3,2,28),"dd/mm")&" ("&CHOOSE(WEEKDAY(DATE(Configurações!$B$3,2,28)),"Dom","Seg","Ter","Qua","Qui","Sex","Sáb")&")","—") | IT65: ="Dia 29 — "&IF(29<=$Z$3,TEXT(DATE(Configurações!$B$3,2,29),"dd/mm")&" ("&CHOOSE(WEEKDAY(DATE(Configurações!$B$3,2,29)),"Dom","Seg","Ter","Qua","Qui","Sex","Sáb")&")","—") | JC65: ="Dia 30 — "&IF(30<=$Z$3,TEXT(DATE(Configurações!$B$3,2,30),"dd/mm")&" ("&CHOOSE(WEEKDAY(DATE(Configurações!$B$3,2,30)),"Dom","Seg","Ter","Qua","Qui","Sex","Sáb")&")","—") | JL65: ="Dia 31 — "&IF(31<=$Z$3,TEXT(DATE(Configurações!$B$3,2,31),"dd/mm")&" ("&CHOOSE(WEEKDAY(DATE(Configurações!$B$3,2,31)),"Dom","Seg","Ter","Qua","Qui","Sex","Sáb")&")","—") | JU65: Produção Total (Mês) | JV65: Captação Líquida (Mês) | JW65: Saldo Pulso Atual | JX65: Média Diária | JY65: Meta Mensal | JZ65: Status Meta
B66: Saldo Pulso | C66: Saldo Anterior | D66: Captação Líq. | E66: COE | F66: Previdência | G66: Créd. Privado | H66: Tít. Públicos | I66: Produção Tot. | J66: Obs. | K66: Saldo Pulso | L66: Saldo Anterior | M66: Captação Líq. | N66: COE | O66: Previdência | P66: Créd. Privado | Q66: Tít. Públicos | R66: Produção Tot. | S66: Obs. | T66: Saldo Pulso | U66: Saldo Anterior | V66: Captação Líq. | W66: COE | X66: Previdência | Y66: Créd. Privado | Z66: Tít. Públicos | AA66: Produção Tot. | AB66: Obs. | AC66: Saldo Pulso | AD66: Saldo Anterior | AE66: Captação Líq. | AF66: COE | AG66: Previdência | AH66: Créd. Privado | AI66: Tít. Públicos | AJ66: Produção Tot. | AK66: Obs. | AL66: Saldo Pulso | AM66: Saldo Anterior | AN66: Captação Líq. | AO66: COE | AP66: Previdência | AQ66: Créd. Privado | AR66: Tít. Públicos | AS66: Produção Tot. | AT66: Obs. | AU66: Saldo Pulso | AV66: Saldo Anterior | AW66: Captação Líq. | AX66: COE | AY66: Previdência | AZ66: Créd. Privado | BA66: Tít. Públicos | BB66: Produção Tot. | BC66: Obs. | BD66: Saldo Pulso | BE66: Saldo Anterior | BF66: Captação Líq. | BG66: COE | BH66: Previdência | BI66: Créd. Privado | BJ66: Tít. Públicos | BK66: Produção Tot. | BL66: Obs. | BM66: Saldo Pulso | BN66: Saldo Anterior | BO66: Captação Líq. | BP66: COE | BQ66: Previdência | BR66: Créd. Privado | BS66: Tít. Públicos | BT66: Produção Tot. | BU66: Obs. | BV66: Saldo Pulso | BW66: Saldo Anterior | BX66: Captação Líq. | BY66: COE | BZ66: Previdência | CA66: Créd. Privado | CB66: Tít. Públicos | CC66: Produção Tot. | CD66: Obs. | CE66: Saldo Pulso | CF66: Saldo Anterior | CG66: Captação Líq. | CH66: COE | CI66: Previdência | CJ66: Créd. Privado | CK66: Tít. Públicos | CL66: Produção Tot. | CM66: Obs. | CN66: Saldo Pulso | CO66: Saldo Anterior | CP66: Captação Líq. | CQ66: COE | CR66: Previdência | CS66: Créd. Privado | CT66: Tít. Públicos | CU66: Produção Tot. | CV66: Obs. | CW66: Saldo Pulso | CX66: Saldo Anterior | CY66: Captação Líq. | CZ66: COE | DA66: Previdência | DB66: Créd. Privado | DC66: Tít. Públicos | DD66: Produção Tot. | DE66: Obs. | DF66: Saldo Pulso | DG66: Saldo Anterior | DH66: Captação Líq. | DI66: COE | DJ66: Previdência | DK66: Créd. Privado | DL66: Tít. Públicos | DM66: Produção Tot. | DN66: Obs. | DO66: Saldo Pulso | DP66: Saldo Anterior | DQ66: Captação Líq. | DR66: COE | DS66: Previdência | DT66: Créd. Privado | DU66: Tít. Públicos | DV66: Produção Tot. | DW66: Obs. | DX66: Saldo Pulso | DY66: Saldo Anterior | DZ66: Captação Líq. | EA66: COE | EB66: Previdência | EC66: Créd. Privado | ED66: Tít. Públicos | EE66: Produção Tot. | EF66: Obs. | EG66: Saldo Pulso | EH66: Saldo Anterior | EI66: Captação Líq. | EJ66: COE | EK66: Previdência | EL66: Créd. Privado | EM66: Tít. Públicos | EN66: Produção Tot. | EO66: Obs. | EP66: Saldo Pulso | EQ66: Saldo Anterior | ER66: Captação Líq. | ES66: COE | ET66: Previdência | EU66: Créd. Privado | EV66: Tít. Públicos | EW66: Produção Tot. | EX66: Obs. | EY66: Saldo Pulso | EZ66: Saldo Anterior | FA66: Captação Líq. | FB66: COE | FC66: Previdência | FD66: Créd. Privado | FE66: Tít. Públicos | FF66: Produção Tot. | FG66: Obs. | FH66: Saldo Pulso | FI66: Saldo Anterior | FJ66: Captação Líq. | FK66: COE | FL66: Previdência | FM66: Créd. Privado | FN66: Tít. Públicos | FO66: Produção Tot. | FP66: Obs. | FQ66: Saldo Pulso | FR66: Saldo Anterior | FS66: Captação Líq. | FT66: COE | FU66: Previdência | FV66: Créd. Privado | FW66: Tít. Públicos | FX66: Produção Tot. | FY66: Obs. | FZ66: Saldo Pulso | GA66: Saldo Anterior | GB66: Captação Líq. | GC66: COE | GD66: Previdência | GE66: Créd. Privado | GF66: Tít. Públicos | GG66: Produção Tot. | GH66: Obs. | GI66: Saldo Pulso | GJ66: Saldo Anterior | GK66: Captação Líq. | GL66: COE | GM66: Previdência | GN66: Créd. Privado | GO66: Tít. Públicos | GP66: Produção Tot. | GQ66: Obs. | GR66: Saldo Pulso | GS66: Saldo Anterior | GT66: Captação Líq. | GU66: COE | GV66: Previdência | GW66: Créd. Privado | GX66: Tít. Públicos | GY66: Produção Tot. | GZ66: Obs. | HA66: Saldo Pulso | HB66: Saldo Anterior | HC66: Captação Líq. | HD66: COE | HE66: Previdência | HF66: Créd. Privado | HG66: Tít. Públicos | HH66: Produção Tot. | HI66: Obs. | HJ66: Saldo Pulso | HK66: Saldo Anterior | HL66: Captação Líq. | HM66: COE | HN66: Previdência | HO66: Créd. Privado | HP66: Tít. Públicos | HQ66: Produção Tot. | HR66: Obs. | HS66: Saldo Pulso | HT66: Saldo Anterior | HU66: Captação Líq. | HV66: COE | HW66: Previdência | HX66: Créd. Privado | HY66: Tít. Públicos | HZ66: Produção Tot. | IA66: Obs. | IB66: Saldo Pulso | IC66: Saldo Anterior | ID66: Captação Líq. | IE66: COE | IF66: Previdência | IG66: Créd. Privado | IH66: Tít. Públicos | II66: Produção Tot. | IJ66: Obs. | IK66: Saldo Pulso | IL66: Saldo Anterior | IM66: Captação Líq. | IN66: COE | IO66: Previdência | IP66: Créd. Privado | IQ66: Tít. Públicos | IR66: Produção Tot. | IS66: Obs. | IT66: Saldo Pulso | IU66: Saldo Anterior | IV66: Captação Líq. | IW66: COE | IX66: Previdência | IY66: Créd. Privado | IZ66: Tít. Públicos | JA66: Produção Tot. | JB66: Obs. | JC66: Saldo Pulso | JD66: Saldo Anterior | JE66: Captação Líq. | JF66: COE | JG66: Previdência | JH66: Créd. Privado | JI66: Tít. Públicos | JJ66: Produção Tot. | JK66: Obs. | JL66: Saldo Pulso | JM66: Saldo Anterior | JN66: Captação Líq. | JO66: COE | JP66: Previdência | JQ66: Créd. Privado | JR66: Tít. Públicos | JS66: Produção Tot. | JT66: Obs.
A67: =IF(Configurações!$B$7="","Assessor 1",Configurações!$B$7) | C67: ='Janeiro'!$JW67 | I67: =SUM(E67:H67) | L67: =B67 | R67: =SUM(N67:Q67) | U67: =K67 | AA67: =SUM(W67:Z67) | AD67: =T67 | AJ67: =SUM(AF67:AI67) | AM67: =AC67 | AS67: =SUM(AO67:AR67) | AV67: =AL67 | BB67: =SUM(AX67:BA67) | BE67: =AU67 | BK67: =SUM(BG67:BJ67) | BN67: =BD67 | BT67: =SUM(BP67:BS67) | BW67: =BM67 | CC67: =SUM(BY67:CB67) | CF67: =BV67 | CL67: =SUM(CH67:CK67) | CO67: =CE67 | CU67: =SUM(CQ67:CT67) | CX67: =CN67 | DD67: =SUM(CZ67:DC67) | DG67: =CW67 | DM67: =SUM(DI67:DL67) | DP67: =DF67 | DV67: =SUM(DR67:DU67) | DY67: =DO67 | EE67: =SUM(EA67:ED67) | EH67: =DX67 | EN67: =SUM(EJ67:EM67) | EQ67: =EG67 | EW67: =SUM(ES67:EV67) | EZ67: =EP67 | FF67: =SUM(FB67:FE67) | FI67: =EY67 | FO67: =SUM(FK67:FN67) | FR67: =FH67 | FX67: =SUM(FT67:FW67) | GA67: =FQ67 | GG67: =SUM(GC67:GF67) | GJ67: =FZ67 | GP67: =SUM(GL67:GO67) | GS67: =GI67 | GY67: =SUM(GU67:GX67) | HB67: =GR67 | HH67: =SUM(HD67:HG67) | HK67: =HA67 | HQ67: =SUM(HM67:HP67) | HT67: =HJ67 | HZ67: =SUM(HV67:HY67) | IC67: =HS67 | II67: =SUM(IE67:IH67) | IL67: =IB67 | IR67: =SUM(IN67:IQ67) | IU67: =IK67 | JA67: =SUM(IW67:IZ67) | JD67: =IT67 | JJ67: =SUM(JF67:JI67) | JM67: =JC67 | JS67: =SUM(JO67:JR67) | JU67: =I67+R67+AA67+AJ67+AS67+BB67+BK67+BT67+CC67+CL67+CU67+DD67+DM67+DV67+EE67+EN67+EW67+FF67+FO67+FX67+GG67+GP67+GY67+HH67+HQ67+HZ67+II67+IR67+JA67+JJ67+JS67 | JV67: =D67+M67+V67+AE67+AN67+AW67+BF67+BO67+BX67+CG67+CP67+CY67+DH67+DQ67+DZ67+EI67+ER67+FA67+FJ67+FS67+GB67+GK67+GT67+HC67+HL67+HU67+ID67+IM67+IV67+JE67+JN67 | JW67: =CHOOSE($Z$3,B67, K67, T67, AC67, AL67, AU67, BD67, BM67, BV67, CE67, CN67, CW67, DF67, DO67, DX67, EG67, EP67, EY67, FH67, FQ67, FZ67, GI67, GR67, HA67, HJ67, HS67, IB67, IK67, IT67, JC67, JL67) | JX67: =IFERROR(JU67/$Z$3,0) | JY67: =Configurações!$C$7 | JZ67: =IF(JY67=0,"— Sem meta",IF(JU67>=JY67,"✓ Atingida","Em andamento")) | KA67: =JU67+(13*0.0000001)
A68: =IF(Configurações!$B$8="","Assessor 2",Configurações!$B$8) | C68: ='Janeiro'!$JW68 | I68: =SUM(E68:H68) | L68: =B68 | R68: =SUM(N68:Q68) | U68: =K68 | AA68: =SUM(W68:Z68) | AD68: =T68 | AJ68: =SUM(AF68:AI68) | AM68: =AC68 | AS68: =SUM(AO68:AR68) | AV68: =AL68 | BB68: =SUM(AX68:BA68) | BE68: =AU68 | BK68: =SUM(BG68:BJ68) | BN68: =BD68 | BT68: =SUM(BP68:BS68) | BW68: =BM68 | CC68: =SUM(BY68:CB68) | CF68: =BV68 | CL68: =SUM(CH68:CK68) | CO68: =CE68 | CU68: =SUM(CQ68:CT68) | CX68: =CN68 | DD68: =SUM(CZ68:DC68) | DG68: =CW68 | DM68: =SUM(DI68:DL68) | DP68: =DF68 | DV68: =SUM(DR68:DU68) | DY68: =DO68 | EE68: =SUM(EA68:ED68) | EH68: =DX68 | EN68: =SUM(EJ68:EM68) | EQ68: =EG68 | EW68: =SUM(ES68:EV68) | EZ68: =EP68 | FF68: =SUM(FB68:FE68) | FI68: =EY68 | FO68: =SUM(FK68:FN68) | FR68: =FH68 | FX68: =SUM(FT68:FW68) | GA68: =FQ68 | GG68: =SUM(GC68:GF68) | GJ68: =FZ68 | GP68: =SUM(GL68:GO68) | GS68: =GI68 | GY68: =SUM(GU68:GX68) | HB68: =GR68 | HH68: =SUM(HD68:HG68) | HK68: =HA68 | HQ68: =SUM(HM68:HP68) | HT68: =HJ68 | HZ68: =SUM(HV68:HY68) | IC68: =HS68 | II68: =SUM(IE68:IH68) | IL68: =IB68 | IR68: =SUM(IN68:IQ68) | IU68: =IK68 | JA68: =SUM(IW68:IZ68) | JD68: =IT68 | JJ68: =SUM(JF68:JI68) | JM68: =JC68 | JS68: =SUM(JO68:JR68) | JU68: =I68+R68+AA68+AJ68+AS68+BB68+BK68+BT68+CC68+CL68+CU68+DD68+DM68+DV68+EE68+EN68+EW68+FF68+FO68+FX68+GG68+GP68+GY68+HH68+HQ68+HZ68+II68+IR68+JA68+JJ68+JS68 | JV68: =D68+M68+V68+AE68+AN68+AW68+BF68+BO68+BX68+CG68+CP68+CY68+DH68+DQ68+DZ68+EI68+ER68+FA68+FJ68+FS68+GB68+GK68+GT68+HC68+HL68+HU68+ID68+IM68+IV68+JE68+JN68 | JW68: =CHOOSE($Z$3,B68, K68, T68, AC68, AL68, AU68, BD68, BM68, BV68, CE68, CN68, CW68, DF68, DO68, DX68, EG68, EP68, EY68, FH68, FQ68, FZ68, GI68, GR68, HA68, HJ68, HS68, IB68, IK68, IT68, JC68, JL68) | JX68: =IFERROR(JU68/$Z$3,0) | JY68: =Configurações!$C$8 | JZ68: =IF(JY68=0,"— Sem meta",IF(JU68>=JY68,"✓ Atingida","Em andamento")) | KA68: =JU68+(12*0.0000001)
A69: =IF(Configurações!$B$9="","Assessor 3",Configurações!$B$9) | C69: ='Janeiro'!$JW69 | I69: =SUM(E69:H69) | L69: =B69 | R69: =SUM(N69:Q69) | U69: =K69 | AA69: =SUM(W69:Z69) | AD69: =T69 | AJ69: =SUM(AF69:AI69) | AM69: =AC69 | AS69: =SUM(AO69:AR69) | AV69: =AL69 | BB69: =SUM(AX69:BA69) | BE69: =AU69 | BK69: =SUM(BG69:BJ69) | BN69: =BD69 | BT69: =SUM(BP69:BS69) | BW69: =BM69 | CC69: =SUM(BY69:CB69) | CF69: =BV69 | CL69: =SUM(CH69:CK69) | CO69: =CE69 | CU69: =SUM(CQ69:CT69) | CX69: =CN69 | DD69: =SUM(CZ69:DC69) | DG69: =CW69 | DM69: =SUM(DI69:DL69) | DP69: =DF69 | DV69: =SUM(DR69:DU69) | DY69: =DO69 | EE69: =SUM(EA69:ED69) | EH69: =DX69 | EN69: =SUM(EJ69:EM69) | EQ69: =EG69 | EW69: =SUM(ES69:EV69) | EZ69: =EP69 | FF69: =SUM(FB69:FE69) | FI69: =EY69 | FO69: =SUM(FK69:FN69) | FR69: =FH69 | FX69: =SUM(FT69:FW69) | GA69: =FQ69 | GG69: =SUM(GC69:GF69) | GJ69: =FZ69 | GP69: =SUM(GL69:GO69) | GS69: =GI69 | GY69: =SUM(GU69:GX69) | HB69: =GR69 | HH69: =SUM(HD69:HG69) | HK69: =HA69 | HQ69: =SUM(HM69:HP69) | HT69: =HJ69 | HZ69: =SUM(HV69:HY69) | IC69: =HS69 | II69: =SUM(IE69:IH69) | IL69: =IB69 | IR69: =SUM(IN69:IQ69) | IU69: =IK69 | JA69: =SUM(IW69:IZ69) | JD69: =IT69 | JJ69: =SUM(JF69:JI69) | JM69: =JC69 | JS69: =SUM(JO69:JR69) | JU69: =I69+R69+AA69+AJ69+AS69+BB69+BK69+BT69+CC69+CL69+CU69+DD69+DM69+DV69+EE69+EN69+EW69+FF69+FO69+FX69+GG69+GP69+GY69+HH69+HQ69+HZ69+II69+IR69+JA69+JJ69+JS69 | JV69: =D69+M69+V69+AE69+AN69+AW69+BF69+BO69+BX69+CG69+CP69+CY69+DH69+DQ69+DZ69+EI69+ER69+FA69+FJ69+FS69+GB69+GK69+GT69+HC69+HL69+HU69+ID69+IM69+IV69+JE69+JN69 | JW69: =CHOOSE($Z$3,B69, K69, T69, AC69, AL69, AU69, BD69, BM69, BV69, CE69, CN69, CW69, DF69, DO69, DX69, EG69, EP69, EY69, FH69, FQ69, FZ69, GI69, GR69, HA69, HJ69, HS69, IB69, IK69, IT69, JC69, JL69) | JX69: =IFERROR(JU69/$Z$3,0) | JY69: =Configurações!$C$9 | JZ69: =IF(JY69=0,"— Sem meta",IF(JU69>=JY69,"✓ Atingida","Em andamento")) | KA69: =JU69+(11*0.0000001)
A70: =IF(Configurações!$B$10="","Assessor 4",Configurações!$B$10) | C70: ='Janeiro'!$JW70 | I70: =SUM(E70:H70) | L70: =B70 | R70: =SUM(N70:Q70) | U70: =K70 | AA70: =SUM(W70:Z70) | AD70: =T70 | AJ70: =SUM(AF70:AI70) | AM70: =AC70 | AS70: =SUM(AO70:AR70) | AV70: =AL70 | BB70: =SUM(AX70:BA70) | BE70: =AU70 | BK70: =SUM(BG70:BJ70) | BN70: =BD70 | BT70: =SUM(BP70:BS70) | BW70: =BM70 | CC70: =SUM(BY70:CB70) | CF70: =BV70 | CL70: =SUM(CH70:CK70) | CO70: =CE70 | CU70: =SUM(CQ70:CT70) | CX70: =CN70 | DD70: =SUM(CZ70:DC70) | DG70: =CW70 | DM70: =SUM(DI70:DL70) | DP70: =DF70 | DV70: =SUM(DR70:DU70) | DY70: =DO70 | EE70: =SUM(EA70:ED70) | EH70: =DX70 | EN70: =SUM(EJ70:EM70) | EQ70: =EG70 | EW70: =SUM(ES70:EV70) | EZ70: =EP70 | FF70: =SUM(FB70:FE70) | FI70: =EY70 | FO70: =SUM(FK70:FN70) | FR70: =FH70 | FX70: =SUM(FT70:FW70) | GA70: =FQ70 | GG70: =SUM(GC70:GF70) | GJ70: =FZ70 | GP70: =SUM(GL70:GO70) | GS70: =GI70 | GY70: =SUM(GU70:GX70) | HB70: =GR70 | HH70: =SUM(HD70:HG70) | HK70: =HA70 | HQ70: =SUM(HM70:HP70) | HT70: =HJ70 | HZ70: =SUM(HV70:HY70) | IC70: =HS70 | II70: =SUM(IE70:IH70) | IL70: =IB70 | IR70: =SUM(IN70:IQ70) | IU70: =IK70 | JA70: =SUM(IW70:IZ70) | JD70: =IT70 | JJ70: =SUM(JF70:JI70) | JM70: =JC70 | JS70: =SUM(JO70:JR70) | JU70: =I70+R70+AA70+AJ70+AS70+BB70+BK70+BT70+CC70+CL70+CU70+DD70+DM70+DV70+EE70+EN70+EW70+FF70+FO70+FX70+GG70+GP70+GY70+HH70+HQ70+HZ70+II70+IR70+JA70+JJ70+JS70 | JV70: =D70+M70+V70+AE70+AN70+AW70+BF70+BO70+BX70+CG70+CP70+CY70+DH70+DQ70+DZ70+EI70+ER70+FA70+FJ70+FS70+GB70+GK70+GT70+HC70+HL70+HU70+ID70+IM70+IV70+JE70+JN70 | JW70: =CHOOSE($Z$3,B70, K70, T70, AC70, AL70, AU70, BD70, BM70, BV70, CE70, CN70, CW70, DF70, DO70, DX70, EG70, EP70, EY70, FH70, FQ70, FZ70, GI70, GR70, HA70, HJ70, HS70, IB70, IK70, IT70, JC70, JL70) | JX70: =IFERROR(JU70/$Z$3,0) | JY70: =Configurações!$C$10 | JZ70: =IF(JY70=0,"— Sem meta",IF(JU70>=JY70,"✓ Atingida","Em andamento")) | KA70: =JU70+(10*0.0000001)
A71: =IF(Configurações!$B$11="","Assessor 5",Configurações!$B$11) | C71: ='Janeiro'!$JW71 | I71: =SUM(E71:H71) | L71: =B71 | R71: =SUM(N71:Q71) | U71: =K71 | AA71: =SUM(W71:Z71) | AD71: =T71 | AJ71: =SUM(AF71:AI71) | AM71: =AC71 | AS71: =SUM(AO71:AR71) | AV71: =AL71 | BB71: =SUM(AX71:BA71) | BE71: =AU71 | BK71: =SUM(BG71:BJ71) | BN71: =BD71 | BT71: =SUM(BP71:BS71) | BW71: =BM71 | CC71: =SUM(BY71:CB71) | CF71: =BV71 | CL71: =SUM(CH71:CK71) | CO71: =CE71 | CU71: =SUM(CQ71:CT71) | CX71: =CN71 | DD71: =SUM(CZ71:DC71) | DG71: =CW71 | DM71: =SUM(DI71:DL71) | DP71: =DF71 | DV71: =SUM(DR71:DU71) | DY71: =DO71 | EE71: =SUM(EA71:ED71) | EH71: =DX71 | EN71: =SUM(EJ71:EM71) | EQ71: =EG71 | EW71: =SUM(ES71:EV71) | EZ71: =EP71 | FF71: =SUM(FB71:FE71) | FI71: =EY71 | FO71: =SUM(FK71:FN71) | FR71: =FH71 | FX71: =SUM(FT71:FW71) | GA71: =FQ71 | GG71: =SUM(GC71:GF71) | GJ71: =FZ71 | GP71: =SUM(GL71:GO71) | GS71: =GI71 | GY71: =SUM(GU71:GX71) | HB71: =GR71 | HH71: =SUM(HD71:HG71) | HK71: =HA71 | HQ71: =SUM(HM71:HP71) | HT71: =HJ71 | HZ71: =SUM(HV71:HY71) | IC71: =HS71 | II71: =SUM(IE71:IH71) | IL71: =IB71 | IR71: =SUM(IN71:IQ71) | IU71: =IK71 | JA71: =SUM(IW71:IZ71) | JD71: =IT71 | JJ71: =SUM(JF71:JI71) | JM71: =JC71 | JS71: =SUM(JO71:JR71) | JU71: =I71+R71+AA71+AJ71+AS71+BB71+BK71+BT71+CC71+CL71+CU71+DD71+DM71+DV71+EE71+EN71+EW71+FF71+FO71+FX71+GG71+GP71+GY71+HH71+HQ71+HZ71+II71+IR71+JA71+JJ71+JS71 | JV71: =D71+M71+V71+AE71+AN71+AW71+BF71+BO71+BX71+CG71+CP71+CY71+DH71+DQ71+DZ71+EI71+ER71+FA71+FJ71+FS71+GB71+GK71+GT71+HC71+HL71+HU71+ID71+IM71+IV71+JE71+JN71 | JW71: =CHOOSE($Z$3,B71, K71, T71, AC71, AL71, AU71, BD71, BM71, BV71, CE71, CN71, CW71, DF71, DO71, DX71, EG71, EP71, EY71, FH71, FQ71, FZ71, GI71, GR71, HA71, HJ71, HS71, IB71, IK71, IT71, JC71, JL71) | JX71: =IFERROR(JU71/$Z$3,0) | JY71: =Configurações!$C$11 | JZ71: =IF(JY71=0,"— Sem meta",IF(JU71>=JY71,"✓ Atingida","Em andamento")) | KA71: =JU71+(9*0.0000001)
A72: =IF(Configurações!$B$12="","Assessor 6",Configurações!$B$12) | C72: ='Janeiro'!$JW72 | I72: =SUM(E72:H72) | L72: =B72 | R72: =SUM(N72:Q72) | U72: =K72 | AA72: =SUM(W72:Z72) | AD72: =T72 | AJ72: =SUM(AF72:AI72) | AM72: =AC72 | AS72: =SUM(AO72:AR72) | AV72: =AL72 | BB72: =SUM(AX72:BA72) | BE72: =AU72 | BK72: =SUM(BG72:BJ72) | BN72: =BD72 | BT72: =SUM(BP72:BS72) | BW72: =BM72 | CC72: =SUM(BY72:CB72) | CF72: =BV72 | CL72: =SUM(CH72:CK72) | CO72: =CE72 | CU72: =SUM(CQ72:CT72) | CX72: =CN72 | DD72: =SUM(CZ72:DC72) | DG72: =CW72 | DM72: =SUM(DI72:DL72) | DP72: =DF72 | DV72: =SUM(DR72:DU72) | DY72: =DO72 | EE72: =SUM(EA72:ED72) | EH72: =DX72 | EN72: =SUM(EJ72:EM72) | EQ72: =EG72 | EW72: =SUM(ES72:EV72) | EZ72: =EP72 | FF72: =SUM(FB72:FE72) | FI72: =EY72 | FO72: =SUM(FK72:FN72) | FR72: =FH72 | FX72: =SUM(FT72:FW72) | GA72: =FQ72 | GG72: =SUM(GC72:GF72) | GJ72: =FZ72 | GP72: =SUM(GL72:GO72) | GS72: =GI72 | GY72: =SUM(GU72:GX72) | HB72: =GR72 | HH72: =SUM(HD72:HG72) | HK72: =HA72 | HQ72: =SUM(HM72:HP72) | HT72: =HJ72 | HZ72: =SUM(HV72:HY72) | IC72: =HS72 | II72: =SUM(IE72:IH72) | IL72: =IB72 | IR72: =SUM(IN72:IQ72) | IU72: =IK72 | JA72: =SUM(IW72:IZ72) | JD72: =IT72 | JJ72: =SUM(JF72:JI72) | JM72: =JC72 | JS72: =SUM(JO72:JR72) | JU72: =I72+R72+AA72+AJ72+AS72+BB72+BK72+BT72+CC72+CL72+CU72+DD72+DM72+DV72+EE72+EN72+EW72+FF72+FO72+FX72+GG72+GP72+GY72+HH72+HQ72+HZ72+II72+IR72+JA72+JJ72+JS72 | JV72: =D72+M72+V72+AE72+AN72+AW72+BF72+BO72+BX72+CG72+CP72+CY72+DH72+DQ72+DZ72+EI72+ER72+FA72+FJ72+FS72+GB72+GK72+GT72+HC72+HL72+HU72+ID72+IM72+IV72+JE72+JN72 | JW72: =CHOOSE($Z$3,B72, K72, T72, AC72, AL72, AU72, BD72, BM72, BV72, CE72, CN72, CW72, DF72, DO72, DX72, EG72, EP72, EY72, FH72, FQ72, FZ72, GI72, GR72, HA72, HJ72, HS72, IB72, IK72, IT72, JC72, JL72) | JX72: =IFERROR(JU72/$Z$3,0) | JY72: =Configurações!$C$12 | JZ72: =IF(JY72=0,"— Sem meta",IF(JU72>=JY72,"✓ Atingida","Em andamento")) | KA72: =JU72+(8*0.0000001)
A73: =IF(Configurações!$B$13="","Assessor 7",Configurações!$B$13) | C73: ='Janeiro'!$JW73 | I73: =SUM(E73:H73) | L73: =B73 | R73: =SUM(N73:Q73) | U73: =K73 | AA73: =SUM(W73:Z73) | AD73: =T73 | AJ73: =SUM(AF73:AI73) | AM73: =AC73 | AS73: =SUM(AO73:AR73) | AV73: =AL73 | BB73: =SUM(AX73:BA73) | BE73: =AU73 | BK73: =SUM(BG73:BJ73) | BN73: =BD73 | BT73: =SUM(BP73:BS73) | BW73: =BM73 | CC73: =SUM(BY73:CB73) | CF73: =BV73 | CL73: =SUM(CH73:CK73) | CO73: =CE73 | CU73: =SUM(CQ73:CT73) | CX73: =CN73 | DD73: =SUM(CZ73:DC73) | DG73: =CW73 | DM73: =SUM(DI73:DL73) | DP73: =DF73 | DV73: =SUM(DR73:DU73) | DY73: =DO73 | EE73: =SUM(EA73:ED73) | EH73: =DX73 | EN73: =SUM(EJ73:EM73) | EQ73: =EG73 | EW73: =SUM(ES73:EV73) | EZ73: =EP73 | FF73: =SUM(FB73:FE73) | FI73: =EY73 | FO73: =SUM(FK73:FN73) | FR73: =FH73 | FX73: =SUM(FT73:FW73) | GA73: =FQ73 | GG73: =SUM(GC73:GF73) | GJ73: =FZ73 | GP73: =SUM(GL73:GO73) | GS73: =GI73 | GY73: =SUM(GU73:GX73) | HB73: =GR73 | HH73: =SUM(HD73:HG73) | HK73: =HA73 | HQ73: =SUM(HM73:HP73) | HT73: =HJ73 | HZ73: =SUM(HV73:HY73) | IC73: =HS73 | II73: =SUM(IE73:IH73) | IL73: =IB73 | IR73: =SUM(IN73:IQ73) | IU73: =IK73 | JA73: =SUM(IW73:IZ73) | JD73: =IT73 | JJ73: =SUM(JF73:JI73) | JM73: =JC73 | JS73: =SUM(JO73:JR73) | JU73: =I73+R73+AA73+AJ73+AS73+BB73+BK73+BT73+CC73+CL73+CU73+DD73+DM73+DV73+EE73+EN73+EW73+FF73+FO73+FX73+GG73+GP73+GY73+HH73+HQ73+HZ73+II73+IR73+JA73+JJ73+JS73 | JV73: =D73+M73+V73+AE73+AN73+AW73+BF73+BO73+BX73+CG73+CP73+CY73+DH73+DQ73+DZ73+EI73+ER73+FA73+FJ73+FS73+GB73+GK73+GT73+HC73+HL73+HU73+ID73+IM73+IV73+JE73+JN73 | JW73: =CHOOSE($Z$3,B73, K73, T73, AC73, AL73, AU73, BD73, BM73, BV73, CE73, CN73, CW73, DF73, DO73, DX73, EG73, EP73, EY73, FH73, FQ73, FZ73, GI73, GR73, HA73, HJ73, HS73, IB73, IK73, IT73, JC73, JL73) | JX73: =IFERROR(JU73/$Z$3,0) | JY73: =Configurações!$C$13 | JZ73: =IF(JY73=0,"— Sem meta",IF(JU73>=JY73,"✓ Atingida","Em andamento")) | KA73: =JU73+(7*0.0000001)
A74: =IF(Configurações!$B$14="","Assessor 8",Configurações!$B$14) | C74: ='Janeiro'!$JW74 | I74: =SUM(E74:H74) | L74: =B74 | R74: =SUM(N74:Q74) | U74: =K74 | AA74: =SUM(W74:Z74) | AD74: =T74 | AJ74: =SUM(AF74:AI74) | AM74: =AC74 | AS74: =SUM(AO74:AR74) | AV74: =AL74 | BB74: =SUM(AX74:BA74) | BE74: =AU74 | BK74: =SUM(BG74:BJ74) | BN74: =BD74 | BT74: =SUM(BP74:BS74) | BW74: =BM74 | CC74: =SUM(BY74:CB74) | CF74: =BV74 | CL74: =SUM(CH74:CK74) | CO74: =CE74 | CU74: =SUM(CQ74:CT74) | CX74: =CN74 | DD74: =SUM(CZ74:DC74) | DG74: =CW74 | DM74: =SUM(DI74:DL74) | DP74: =DF74 | DV74: =SUM(DR74:DU74) | DY74: =DO74 | EE74: =SUM(EA74:ED74) | EH74: =DX74 | EN74: =SUM(EJ74:EM74) | EQ74: =EG74 | EW74: =SUM(ES74:EV74) | EZ74: =EP74 | FF74: =SUM(FB74:FE74) | FI74: =EY74 | FO74: =SUM(FK74:FN74) | FR74: =FH74 | FX74: =SUM(FT74:FW74) | GA74: =FQ74 | GG74: =SUM(GC74:GF74) | GJ74: =FZ74 | GP74: =SUM(GL74:GO74) | GS74: =GI74 | GY74: =SUM(GU74:GX74) | HB74: =GR74 | HH74: =SUM(HD74:HG74) | HK74: =HA74 | HQ74: =SUM(HM74:HP74) | HT74: =HJ74 | HZ74: =SUM(HV74:HY74) | IC74: =HS74 | II74: =SUM(IE74:IH74) | IL74: =IB74 | IR74: =SUM(IN74:IQ74) | IU74: =IK74 | JA74: =SUM(IW74:IZ74) | JD74: =IT74 | JJ74: =SUM(JF74:JI74) | JM74: =JC74 | JS74: =SUM(JO74:JR74) | JU74: =I74+R74+AA74+AJ74+AS74+BB74+BK74+BT74+CC74+CL74+CU74+DD74+DM74+DV74+EE74+EN74+EW74+FF74+FO74+FX74+GG74+GP74+GY74+HH74+HQ74+HZ74+II74+IR74+JA74+JJ74+JS74 | JV74: =D74+M74+V74+AE74+AN74+AW74+BF74+BO74+BX74+CG74+CP74+CY74+DH74+DQ74+DZ74+EI74+ER74+FA74+FJ74+FS74+GB74+GK74+GT74+HC74+HL74+HU74+ID74+IM74+IV74+JE74+JN74 | JW74: =CHOOSE($Z$3,B74, K74, T74, AC74, AL74, AU74, BD74, BM74, BV74, CE74, CN74, CW74, DF74, DO74, DX74, EG74, EP74, EY74, FH74, FQ74, FZ74, GI74, GR74, HA74, HJ74, HS74, IB74, IK74, IT74, JC74, JL74) | JX74: =IFERROR(JU74/$Z$3,0) | JY74: =Configurações!$C$14 | JZ74: =IF(JY74=0,"— Sem meta",IF(JU74>=JY74,"✓ Atingida","Em andamento")) | KA74: =JU74+(6*0.0000001)
A75: =IF(Configurações!$B$15="","Assessor 9",Configurações!$B$15) | C75: ='Janeiro'!$JW75 | I75: =SUM(E75:H75) | L75: =B75 | R75: =SUM(N75:Q75) | U75: =K75 | AA75: =SUM(W75:Z75) | AD75: =T75 | AJ75: =SUM(AF75:AI75) | AM75: =AC75 | AS75: =SUM(AO75:AR75) | AV75: =AL75 | BB75: =SUM(AX75:BA75) | BE75: =AU75 | BK75: =SUM(BG75:BJ75) | BN75: =BD75 | BT75: =SUM(BP75:BS75) | BW75: =BM75 | CC75: =SUM(BY75:CB75) | CF75: =BV75 | CL75: =SUM(CH75:CK75) | CO75: =CE75 | CU75: =SUM(CQ75:CT75) | CX75: =CN75 | DD75: =SUM(CZ75:DC75) | DG75: =CW75 | DM75: =SUM(DI75:DL75) | DP75: =DF75 | DV75: =SUM(DR75:DU75) | DY75: =DO75 | EE75: =SUM(EA75:ED75) | EH75: =DX75 | EN75: =SUM(EJ75:EM75) | EQ75: =EG75 | EW75: =SUM(ES75:EV75) | EZ75: =EP75 | FF75: =SUM(FB75:FE75) | FI75: =EY75 | FO75: =SUM(FK75:FN75) | FR75: =FH75 | FX75: =SUM(FT75:FW75) | GA75: =FQ75 | GG75: =SUM(GC75:GF75) | GJ75: =FZ75 | GP75: =SUM(GL75:GO75) | GS75: =GI75 | GY75: =SUM(GU75:GX75) | HB75: =GR75 | HH75: =SUM(HD75:HG75) | HK75: =HA75 | HQ75: =SUM(HM75:HP75) | HT75: =HJ75 | HZ75: =SUM(HV75:HY75) | IC75: =HS75 | II75: =SUM(IE75:IH75) | IL75: =IB75 | IR75: =SUM(IN75:IQ75) | IU75: =IK75 | JA75: =SUM(IW75:IZ75) | JD75: =IT75 | JJ75: =SUM(JF75:JI75) | JM75: =JC75 | JS75: =SUM(JO75:JR75) | JU75: =I75+R75+AA75+AJ75+AS75+BB75+BK75+BT75+CC75+CL75+CU75+DD75+DM75+DV75+EE75+EN75+EW75+FF75+FO75+FX75+GG75+GP75+GY75+HH75+HQ75+HZ75+II75+IR75+JA75+JJ75+JS75 | JV75: =D75+M75+V75+AE75+AN75+AW75+BF75+BO75+BX75+CG75+CP75+CY75+DH75+DQ75+DZ75+EI75+ER75+FA75+FJ75+FS75+GB75+GK75+GT75+HC75+HL75+HU75+ID75+IM75+IV75+JE75+JN75 | JW75: =CHOOSE($Z$3,B75, K75, T75, AC75, AL75, AU75, BD75, BM75, BV75, CE75, CN75, CW75, DF75, DO75, DX75, EG75, EP75, EY75, FH75, FQ75, FZ75, GI75, GR75, HA75, HJ75, HS75, IB75, IK75, IT75, JC75, JL75) | JX75: =IFERROR(JU75/$Z$3,0) | JY75: =Configurações!$C$15 | JZ75: =IF(JY75=0,"— Sem meta",IF(JU75>=JY75,"✓ Atingida","Em andamento")) | KA75: =JU75+(5*0.0000001)
A76: =IF(Configurações!$B$16="","Assessor 10",Configurações!$B$16) | C76: ='Janeiro'!$JW76 | I76: =SUM(E76:H76) | L76: =B76 | R76: =SUM(N76:Q76) | U76: =K76 | AA76: =SUM(W76:Z76) | AD76: =T76 | AJ76: =SUM(AF76:AI76) | AM76: =AC76 | AS76: =SUM(AO76:AR76) | AV76: =AL76 | BB76: =SUM(AX76:BA76) | BE76: =AU76 | BK76: =SUM(BG76:BJ76) | BN76: =BD76 | BT76: =SUM(BP76:BS76) | BW76: =BM76 | CC76: =SUM(BY76:CB76) | CF76: =BV76 | CL76: =SUM(CH76:CK76) | CO76: =CE76 | CU76: =SUM(CQ76:CT76) | CX76: =CN76 | DD76: =SUM(CZ76:DC76) | DG76: =CW76 | DM76: =SUM(DI76:DL76) | DP76: =DF76 | DV76: =SUM(DR76:DU76) | DY76: =DO76 | EE76: =SUM(EA76:ED76) | EH76: =DX76 | EN76: =SUM(EJ76:EM76) | EQ76: =EG76 | EW76: =SUM(ES76:EV76) | EZ76: =EP76 | FF76: =SUM(FB76:FE76) | FI76: =EY76 | FO76: =SUM(FK76:FN76) | FR76: =FH76 | FX76: =SUM(FT76:FW76) | GA76: =FQ76 | GG76: =SUM(GC76:GF76) | GJ76: =FZ76 | GP76: =SUM(GL76:GO76) | GS76: =GI76 | GY76: =SUM(GU76:GX76) | HB76: =GR76 | HH76: =SUM(HD76:HG76) | HK76: =HA76 | HQ76: =SUM(HM76:HP76) | HT76: =HJ76 | HZ76: =SUM(HV76:HY76) | IC76: =HS76 | II76: =SUM(IE76:IH76) | IL76: =IB76 | IR76: =SUM(IN76:IQ76) | IU76: =IK76 | JA76: =SUM(IW76:IZ76) | JD76: =IT76 | JJ76: =SUM(JF76:JI76) | JM76: =JC76 | JS76: =SUM(JO76:JR76) | JU76: =I76+R76+AA76+AJ76+AS76+BB76+BK76+BT76+CC76+CL76+CU76+DD76+DM76+DV76+EE76+EN76+EW76+FF76+FO76+FX76+GG76+GP76+GY76+HH76+HQ76+HZ76+II76+IR76+JA76+JJ76+JS76 | JV76: =D76+M76+V76+AE76+AN76+AW76+BF76+BO76+BX76+CG76+CP76+CY76+DH76+DQ76+DZ76+EI76+ER76+FA76+FJ76+FS76+GB76+GK76+GT76+HC76+HL76+HU76+ID76+IM76+IV76+JE76+JN76 | JW76: =CHOOSE($Z$3,B76, K76, T76, AC76, AL76, AU76, BD76, BM76, BV76, CE76, CN76, CW76, DF76, DO76, DX76, EG76, EP76, EY76, FH76, FQ76, FZ76, GI76, GR76, HA76, HJ76, HS76, IB76, IK76, IT76, JC76, JL76) | JX76: =IFERROR(JU76/$Z$3,0) | JY76: =Configurações!$C$16 | JZ76: =IF(JY76=0,"— Sem meta",IF(JU76>=JY76,"✓ Atingida","Em andamento")) | KA76: =JU76+(4*0.0000001)
A77: =IF(Configurações!$B$17="","Assessor 11",Configurações!$B$17) | C77: ='Janeiro'!$JW77 | I77: =SUM(E77:H77) | L77: =B77 | R77: =SUM(N77:Q77) | U77: =K77 | AA77: =SUM(W77:Z77) | AD77: =T77 | AJ77: =SUM(AF77:AI77) | AM77: =AC77 | AS77: =SUM(AO77:AR77) | AV77: =AL77 | BB77: =SUM(AX77:BA77) | BE77: =AU77 | BK77: =SUM(BG77:BJ77) | BN77: =BD77 | BT77: =SUM(BP77:BS77) | BW77: =BM77 | CC77: =SUM(BY77:CB77) | CF77: =BV77 | CL77: =SUM(CH77:CK77) | CO77: =CE77 | CU77: =SUM(CQ77:CT77) | CX77: =CN77 | DD77: =SUM(CZ77:DC77) | DG77: =CW77 | DM77: =SUM(DI77:DL77) | DP77: =DF77 | DV77: =SUM(DR77:DU77) | DY77: =DO77 | EE77: =SUM(EA77:ED77) | EH77: =DX77 | EN77: =SUM(EJ77:EM77) | EQ77: =EG77 | EW77: =SUM(ES77:EV77) | EZ77: =EP77 | FF77: =SUM(FB77:FE77) | FI77: =EY77 | FO77: =SUM(FK77:FN77) | FR77: =FH77 | FX77: =SUM(FT77:FW77) | GA77: =FQ77 | GG77: =SUM(GC77:GF77) | GJ77: =FZ77 | GP77: =SUM(GL77:GO77) | GS77: =GI77 | GY77: =SUM(GU77:GX77) | HB77: =GR77 | HH77: =SUM(HD77:HG77) | HK77: =HA77 | HQ77: =SUM(HM77:HP77) | HT77: =HJ77 | HZ77: =SUM(HV77:HY77) | IC77: =HS77 | II77: =SUM(IE77:IH77) | IL77: =IB77 | IR77: =SUM(IN77:IQ77) | IU77: =IK77 | JA77: =SUM(IW77:IZ77) | JD77: =IT77 | JJ77: =SUM(JF77:JI77) | JM77: =JC77 | JS77: =SUM(JO77:JR77) | JU77: =I77+R77+AA77+AJ77+AS77+BB77+BK77+BT77+CC77+CL77+CU77+DD77+DM77+DV77+EE77+EN77+EW77+FF77+FO77+FX77+GG77+GP77+GY77+HH77+HQ77+HZ77+II77+IR77+JA77+JJ77+JS77 | JV77: =D77+M77+V77+AE77+AN77+AW77+BF77+BO77+BX77+CG77+CP77+CY77+DH77+DQ77+DZ77+EI77+ER77+FA77+FJ77+FS77+GB77+GK77+GT77+HC77+HL77+HU77+ID77+IM77+IV77+JE77+JN77 | JW77: =CHOOSE($Z$3,B77, K77, T77, AC77, AL77, AU77, BD77, BM77, BV77, CE77, CN77, CW77, DF77, DO77, DX77, EG77, EP77, EY77, FH77, FQ77, FZ77, GI77, GR77, HA77, HJ77, HS77, IB77, IK77, IT77, JC77, JL77) | JX77: =IFERROR(JU77/$Z$3,0) | JY77: =Configurações!$C$17 | JZ77: =IF(JY77=0,"— Sem meta",IF(JU77>=JY77,"✓ Atingida","Em andamento")) | KA77: =JU77+(3*0.0000001)
A78: =IF(Configurações!$B$18="","Assessor 12",Configurações!$B$18) | C78: ='Janeiro'!$JW78 | I78: =SUM(E78:H78) | L78: =B78 | R78: =SUM(N78:Q78) | U78: =K78 | AA78: =SUM(W78:Z78) | AD78: =T78 | AJ78: =SUM(AF78:AI78) | AM78: =AC78 | AS78: =SUM(AO78:AR78) | AV78: =AL78 | BB78: =SUM(AX78:BA78) | BE78: =AU78 | BK78: =SUM(BG78:BJ78) | BN78: =BD78 | BT78: =SUM(BP78:BS78) | BW78: =BM78 | CC78: =SUM(BY78:CB78) | CF78: =BV78 | CL78: =SUM(CH78:CK78) | CO78: =CE78 | CU78: =SUM(CQ78:CT78) | CX78: =CN78 | DD78: =SUM(CZ78:DC78) | DG78: =CW78 | DM78: =SUM(DI78:DL78) | DP78: =DF78 | DV78: =SUM(DR78:DU78) | DY78: =DO78 | EE78: =SUM(EA78:ED78) | EH78: =DX78 | EN78: =SUM(EJ78:EM78) | EQ78: =EG78 | EW78: =SUM(ES78:EV78) | EZ78: =EP78 | FF78: =SUM(FB78:FE78) | FI78: =EY78 | FO78: =SUM(FK78:FN78) | FR78: =FH78 | FX78: =SUM(FT78:FW78) | GA78: =FQ78 | GG78: =SUM(GC78:GF78) | GJ78: =FZ78 | GP78: =SUM(GL78:GO78) | GS78: =GI78 | GY78: =SUM(GU78:GX78) | HB78: =GR78 | HH78: =SUM(HD78:HG78) | HK78: =HA78 | HQ78: =SUM(HM78:HP78) | HT78: =HJ78 | HZ78: =SUM(HV78:HY78) | IC78: =HS78 | II78: =SUM(IE78:IH78) | IL78: =IB78 | IR78: =SUM(IN78:IQ78) | IU78: =IK78 | JA78: =SUM(IW78:IZ78) | JD78: =IT78 | JJ78: =SUM(JF78:JI78) | JM78: =JC78 | JS78: =SUM(JO78:JR78) | JU78: =I78+R78+AA78+AJ78+AS78+BB78+BK78+BT78+CC78+CL78+CU78+DD78+DM78+DV78+EE78+EN78+EW78+FF78+FO78+FX78+GG78+GP78+GY78+HH78+HQ78+HZ78+II78+IR78+JA78+JJ78+JS78 | JV78: =D78+M78+V78+AE78+AN78+AW78+BF78+BO78+BX78+CG78+CP78+CY78+DH78+DQ78+DZ78+EI78+ER78+FA78+FJ78+FS78+GB78+GK78+GT78+HC78+HL78+HU78+ID78+IM78+IV78+JE78+JN78 | JW78: =CHOOSE($Z$3,B78, K78, T78, AC78, AL78, AU78, BD78, BM78, BV78, CE78, CN78, CW78, DF78, DO78, DX78, EG78, EP78, EY78, FH78, FQ78, FZ78, GI78, GR78, HA78, HJ78, HS78, IB78, IK78, IT78, JC78, JL78) | JX78: =IFERROR(JU78/$Z$3,0) | JY78: =Configurações!$C$18 | JZ78: =IF(JY78=0,"— Sem meta",IF(JU78>=JY78,"✓ Atingida","Em andamento")) | KA78: =JU78+(2*0.0000001)
A79: =IF(Configurações!$B$19="","Assessor 13",Configurações!$B$19) | C79: ='Janeiro'!$JW79 | I79: =SUM(E79:H79) | L79: =B79 | R79: =SUM(N79:Q79) | U79: =K79 | AA79: =SUM(W79:Z79) | AD79: =T79 | AJ79: =SUM(AF79:AI79) | AM79: =AC79 | AS79: =SUM(AO79:AR79) | AV79: =AL79 | BB79: =SUM(AX79:BA79) | BE79: =AU79 | BK79: =SUM(BG79:BJ79) | BN79: =BD79 | BT79: =SUM(BP79:BS79) | BW79: =BM79 | CC79: =SUM(BY79:CB79) | CF79: =BV79 | CL79: =SUM(CH79:CK79) | CO79: =CE79 | CU79: =SUM(CQ79:CT79) | CX79: =CN79 | DD79: =SUM(CZ79:DC79) | DG79: =CW79 | DM79: =SUM(DI79:DL79) | DP79: =DF79 | DV79: =SUM(DR79:DU79) | DY79: =DO79 | EE79: =SUM(EA79:ED79) | EH79: =DX79 | EN79: =SUM(EJ79:EM79) | EQ79: =EG79 | EW79: =SUM(ES79:EV79) | EZ79: =EP79 | FF79: =SUM(FB79:FE79) | FI79: =EY79 | FO79: =SUM(FK79:FN79) | FR79: =FH79 | FX79: =SUM(FT79:FW79) | GA79: =FQ79 | GG79: =SUM(GC79:GF79) | GJ79: =FZ79 | GP79: =SUM(GL79:GO79) | GS79: =GI79 | GY79: =SUM(GU79:GX79) | HB79: =GR79 | HH79: =SUM(HD79:HG79) | HK79: =HA79 | HQ79: =SUM(HM79:HP79) | HT79: =HJ79 | HZ79: =SUM(HV79:HY79) | IC79: =HS79 | II79: =SUM(IE79:IH79) | IL79: =IB79 | IR79: =SUM(IN79:IQ79) | IU79: =IK79 | JA79: =SUM(IW79:IZ79) | JD79: =IT79 | JJ79: =SUM(JF79:JI79) | JM79: =JC79 | JS79: =SUM(JO79:JR79) | JU79: =I79+R79+AA79+AJ79+AS79+BB79+BK79+BT79+CC79+CL79+CU79+DD79+DM79+DV79+EE79+EN79+EW79+FF79+FO79+FX79+GG79+GP79+GY79+HH79+HQ79+HZ79+II79+IR79+JA79+JJ79+JS79 | JV79: =D79+M79+V79+AE79+AN79+AW79+BF79+BO79+BX79+CG79+CP79+CY79+DH79+DQ79+DZ79+EI79+ER79+FA79+FJ79+FS79+GB79+GK79+GT79+HC79+HL79+HU79+ID79+IM79+IV79+JE79+JN79 | JW79: =CHOOSE($Z$3,B79, K79, T79, AC79, AL79, AU79, BD79, BM79, BV79, CE79, CN79, CW79, DF79, DO79, DX79, EG79, EP79, EY79, FH79, FQ79, FZ79, GI79, GR79, HA79, HJ79, HS79, IB79, IK79, IT79, JC79, JL79) | JX79: =IFERROR(JU79/$Z$3,0) | JY79: =Configurações!$C$19 | JZ79: =IF(JY79=0,"— Sem meta",IF(JU79>=JY79,"✓ Atingida","Em andamento")) | KA79: =JU79+(1*0.0000001)

Sheet Março
A1: ="ACOMPANHAMENTO DIÁRIO DE ASSESSORES — MARÇO / "&Configurações!$B$3 | KC1: Dia | KD1: Data | KE1: Produção do Dia | KF1: Captação do Dia
A2: ="Dias no mês: "&$Z$3&" | Cada assessor ocupa 1 linha. Role para a direita para ver os dias. Apenas as células destacadas em amarelo são editáveis." | KC2: 1 | KD2: =IF(1<=$Z$3,DATE(Configurações!$B$3,3,1),"") | KE2: =SUM($I$67:$I$79) | KF2: =SUM($D$67:$D$79) | KH2: COE | KI2: =SUM($E$67:$E$79)+SUM($N$67:$N$79)+SUM($W$67:$W$79)+SUM($AF$67:$AF$79)+SUM($AO$67:$AO$79)+SUM($AX$67:$AX$79)+SUM($BG$67:$BG$79)+SUM($BP$67:$BP$79)+SUM($BY$67:$BY$79)+SUM($CH$67:$CH$79)+SUM($CQ$67:$CQ$79)+SUM($CZ$67:$CZ$79)+SUM($DI$67:$DI$79)+SUM($DR$67:$DR$79)+SUM($EA$67:$EA$79)+SUM($EJ$67:$EJ$79)+SUM($ES$67:$ES$79)+SUM($FB$67:$FB$79)+SUM($FK$67:$FK$79)+SUM($FT$67:$FT$79)+SUM($GC$67:$GC$79)+SUM($GL$67:$GL$79)+SUM($GU$67:$GU$79)+SUM($HD$67:$HD$79)+SUM($HM$67:$HM$79)+SUM($HV$67:$HV$79)+SUM($IE$67:$IE$79)+SUM($IN$67:$IN$79)+SUM($IW$67:$IW$79)+SUM($JF$67:$JF$79)+SUM($JO$67:$JO$79)
Y3: Dias no mês | Z3: =DAY(EOMONTH(DATE(Configurações!$B$3,3,1),0)) | KC3: 2 | KD3: =IF(2<=$Z$3,DATE(Configurações!$B$3,3,2),"") | KE3: =SUM($R$67:$R$79) | KF3: =SUM($M$67:$M$79) | KH3: PREVIDÊNCIA | KI3: =SUM($F$67:$F$79)+SUM($O$67:$O$79)+SUM($X$67:$X$79)+SUM($AG$67:$AG$79)+SUM($AP$67:$AP$79)+SUM($AY$67:$AY$79)+SUM($BH$67:$BH$79)+SUM($BQ$67:$BQ$79)+SUM($BZ$67:$BZ$79)+SUM($CI$67:$CI$79)+SUM($CR$67:$CR$79)+SUM($DA$67:$DA$79)+SUM($DJ$67:$DJ$79)+SUM($DS$67:$DS$79)+SUM($EB$67:$EB$79)+SUM($EK$67:$EK$79)+SUM($ET$67:$ET$79)+SUM($FC$67:$FC$79)+SUM($FL$67:$FL$79)+SUM($FU$67:$FU$79)+SUM($GD$67:$GD$79)+SUM($GM$67:$GM$79)+SUM($GV$67:$GV$79)+SUM($HE$67:$HE$79)+SUM($HN$67:$HN$79)+SUM($HW$67:$HW$79)+SUM($IF$67:$IF$79)+SUM($IO$67:$IO$79)+SUM($IX$67:$IX$79)+SUM($JG$67:$JG$79)+SUM($JP$67:$JP$79)
A4: 📊 INDICADORES DO MÊS | KC4: 3 | KD4: =IF(3<=$Z$3,DATE(Configurações!$B$3,3,3),"") | KE4: =SUM($AA$67:$AA$79) | KF4: =SUM($V$67:$V$79) | KH4: CRÉDITO PRIVADO | KI4: =SUM($G$67:$G$79)+SUM($P$67:$P$79)+SUM($Y$67:$Y$79)+SUM($AH$67:$AH$79)+SUM($AQ$67:$AQ$79)+SUM($AZ$67:$AZ$79)+SUM($BI$67:$BI$79)+SUM($BR$67:$BR$79)+SUM($CA$67:$CA$79)+SUM($CJ$67:$CJ$79)+SUM($CS$67:$CS$79)+SUM($DB$67:$DB$79)+SUM($DK$67:$DK$79)+SUM($DT$67:$DT$79)+SUM($EC$67:$EC$79)+SUM($EL$67:$EL$79)+SUM($EU$67:$EU$79)+SUM($FD$67:$FD$79)+SUM($FM$67:$FM$79)+SUM($FV$67:$FV$79)+SUM($GE$67:$GE$79)+SUM($GN$67:$GN$79)+SUM($GW$67:$GW$79)+SUM($HF$67:$HF$79)+SUM($HO$67:$HO$79)+SUM($HX$67:$HX$79)+SUM($IG$67:$IG$79)+SUM($IP$67:$IP$79)+SUM($IY$67:$IY$79)+SUM($JH$67:$JH$79)+SUM($JQ$67:$JQ$79)
A5: PRODUÇÃO TOTAL DO MÊS | C5: CAPTAÇÃO LÍQUIDA DO MÊS | E5: SALDO PULSO TOTAL (ATUAL) | G5: MÉDIA DIÁRIA DA EQUIPE | I5: MELHOR DIA DE PRODUÇÃO | K5: MELHOR ASSESSOR DO MÊS | KC5: 4 | KD5: =IF(4<=$Z$3,DATE(Configurações!$B$3,3,4),"") | KE5: =SUM($AJ$67:$AJ$79) | KF5: =SUM($AE$67:$AE$79) | KH5: TÍTULOS PÚBLICOS | KI5: =SUM($H$67:$H$79)+SUM($Q$67:$Q$79)+SUM($Z$67:$Z$79)+SUM($AI$67:$AI$79)+SUM($AR$67:$AR$79)+SUM($BA$67:$BA$79)+SUM($BJ$67:$BJ$79)+SUM($BS$67:$BS$79)+SUM($CB$67:$CB$79)+SUM($CK$67:$CK$79)+SUM($CT$67:$CT$79)+SUM($DC$67:$DC$79)+SUM($DL$67:$DL$79)+SUM($DU$67:$DU$79)+SUM($ED$67:$ED$79)+SUM($EM$67:$EM$79)+SUM($EV$67:$EV$79)+SUM($FE$67:$FE$79)+SUM($FN$67:$FN$79)+SUM($FW$67:$FW$79)+SUM($GF$67:$GF$79)+SUM($GO$67:$GO$79)+SUM($GX$67:$GX$79)+SUM($HG$67:$HG$79)+SUM($HP$67:$HP$79)+SUM($HY$67:$HY$79)+SUM($IH$67:$IH$79)+SUM($IQ$67:$IQ$79)+SUM($IZ$67:$IZ$79)+SUM($JI$67:$JI$79)+SUM($JR$67:$JR$79)
A6: =SUM($JU$67:$JU$79) | C6: =SUM($JV$67:$JV$79) | E6: =SUM($JW$67:$JW$79) | G6: =IFERROR(SUM($JU$67:$JU$79)/$Z$3,0) | I6: =IFERROR("Dia "&TEXT(INDEX($KD$2:$KD$32,MATCH(MAX($KE$2:$KE$32),$KE$2:$KE$32,0)),"dd/mm")&" - "&TEXT(MAX($KE$2:$KE$32),"R$ #,##0"),"—") | K6: =IFERROR($B$14&" - "&TEXT($C$14,"R$ #,##0"),"—") | KC6: 5 | KD6: =IF(5<=$Z$3,DATE(Configurações!$B$3,3,5),"") | KE6: =SUM($AS$67:$AS$79) | KF6: =SUM($AN$67:$AN$79)
KC7: 6 | KD7: =IF(6<=$Z$3,DATE(Configurações!$B$3,3,6),"") | KE7: =SUM($BB$67:$BB$79) | KF7: =SUM($AW$67:$AW$79)
A8: 💰 TOTAIS POR PRODUTO | KC8: 7 | KD8: =IF(7<=$Z$3,DATE(Configurações!$B$3,3,7),"") | KE8: =SUM($BK$67:$BK$79) | KF8: =SUM($BF$67:$BF$79)
A9: COE | D9: PREVIDÊNCIA | G9: CRÉDITO PRIVADO | J9: TÍTULOS PÚBLICOS | KC9: 8 | KD9: =IF(8<=$Z$3,DATE(Configurações!$B$3,3,8),"") | KE9: =SUM($BT$67:$BT$79) | KF9: =SUM($BO$67:$BO$79)
A10: =SUM($E$67:$E$79)+SUM($N$67:$N$79)+SUM($W$67:$W$79)+SUM($AF$67:$AF$79)+SUM($AO$67:$AO$79)+SUM($AX$67:$AX$79)+SUM($BG$67:$BG$79)+SUM($BP$67:$BP$79)+SUM($BY$67:$BY$79)+SUM($CH$67:$CH$79)+SUM($CQ$67:$CQ$79)+SUM($CZ$67:$CZ$79)+SUM($DI$67:$DI$79)+SUM($DR$67:$DR$79)+SUM($EA$67:$EA$79)+SUM($EJ$67:$EJ$79)+SUM($ES$67:$ES$79)+SUM($FB$67:$FB$79)+SUM($FK$67:$FK$79)+SUM($FT$67:$FT$79)+SUM($GC$67:$GC$79)+SUM($GL$67:$GL$79)+SUM($GU$67:$GU$79)+SUM($HD$67:$HD$79)+SUM($HM$67:$HM$79)+SUM($HV$67:$HV$79)+SUM($IE$67:$IE$79)+SUM($IN$67:$IN$79)+SUM($IW$67:$IW$79)+SUM($JF$67:$JF$79)+SUM($JO$67:$JO$79) | D10: =SUM($F$67:$F$79)+SUM($O$67:$O$79)+SUM($X$67:$X$79)+SUM($AG$67:$AG$79)+SUM($AP$67:$AP$79)+SUM($AY$67:$AY$79)+SUM($BH$67:$BH$79)+SUM($BQ$67:$BQ$79)+SUM($BZ$67:$BZ$79)+SUM($CI$67:$CI$79)+SUM($CR$67:$CR$79)+SUM($DA$67:$DA$79)+SUM($DJ$67:$DJ$79)+SUM($DS$67:$DS$79)+SUM($EB$67:$EB$79)+SUM($EK$67:$EK$79)+SUM($ET$67:$ET$79)+SUM($FC$67:$FC$79)+SUM($FL$67:$FL$79)+SUM($FU$67:$FU$79)+SUM($GD$67:$GD$79)+SUM($GM$67:$GM$79)+SUM($GV$67:$GV$79)+SUM($HE$67:$HE$79)+SUM($HN$67:$HN$79)+SUM($HW$67:$HW$79)+SUM($IF$67:$IF$79)+SUM($IO$67:$IO$79)+SUM($IX$67:$IX$79)+SUM($JG$67:$JG$79)+SUM($JP$67:$JP$79) | G10: =SUM($G$67:$G$79)+SUM($P$67:$P$79)+SUM($Y$67:$Y$79)+SUM($AH$67:$AH$79)+SUM($AQ$67:$AQ$79)+SUM($AZ$67:$AZ$79)+SUM($BI$67:$BI$79)+SUM($BR$67:$BR$79)+SUM($CA$67:$CA$79)+SUM($CJ$67:$CJ$79)+SUM($CS$67:$CS$79)+SUM($DB$67:$DB$79)+SUM($DK$67:$DK$79)+SUM($DT$67:$DT$79)+SUM($EC$67:$EC$79)+SUM($EL$67:$EL$79)+SUM($EU$67:$EU$79)+SUM($FD$67:$FD$79)+SUM($FM$67:$FM$79)+SUM($FV$67:$FV$79)+SUM($GE$67:$GE$79)+SUM($GN$67:$GN$79)+SUM($GW$67:$GW$79)+SUM($HF$67:$HF$79)+SUM($HO$67:$HO$79)+SUM($HX$67:$HX$79)+SUM($IG$67:$IG$79)+SUM($IP$67:$IP$79)+SUM($IY$67:$IY$79)+SUM($JH$67:$JH$79)+SUM($JQ$67:$JQ$79) | J10: =SUM($H$67:$H$79)+SUM($Q$67:$Q$79)+SUM($Z$67:$Z$79)+SUM($AI$67:$AI$79)+SUM($AR$67:$AR$79)+SUM($BA$67:$BA$79)+SUM($BJ$67:$BJ$79)+SUM($BS$67:$BS$79)+SUM($CB$67:$CB$79)+SUM($CK$67:$CK$79)+SUM($CT$67:$CT$79)+SUM($DC$67:$DC$79)+SUM($DL$67:$DL$79)+SUM($DU$67:$DU$79)+SUM($ED$67:$ED$79)+SUM($EM$67:$EM$79)+SUM($EV$67:$EV$79)+SUM($FE$67:$FE$79)+SUM($FN$67:$FN$79)+SUM($FW$67:$FW$79)+SUM($GF$67:$GF$79)+SUM($GO$67:$GO$79)+SUM($GX$67:$GX$79)+SUM($HG$67:$HG$79)+SUM($HP$67:$HP$79)+SUM($HY$67:$HY$79)+SUM($IH$67:$IH$79)+SUM($IQ$67:$IQ$79)+SUM($IZ$67:$IZ$79)+SUM($JI$67:$JI$79)+SUM($JR$67:$JR$79) | KC10: 9 | KD10: =IF(9<=$Z$3,DATE(Configurações!$B$3,3,9),"") | KE10: =SUM($CC$67:$CC$79) | KF10: =SUM($BX$67:$BX$79)
KC11: 10 | KD11: =IF(10<=$Z$3,DATE(Configurações!$B$3,3,10),"") | KE11: =SUM($CL$67:$CL$79) | KF11: =SUM($CG$67:$CG$79)
A12: 🏆 RANKING DE ASSESSORES (TOP 5 EM DESTAQUE) | KC12: 11 | KD12: =IF(11<=$Z$3,DATE(Configurações!$B$3,3,11),"") | KE12: =SUM($CU$67:$CU$79) | KF12: =SUM($CP$67:$CP$79)
A13: Pos. | B13: Assessor | C13: Produção Total | D13: Captação Líquida | E13: Saldo Pulso Atual | F13: Média Diária | G13: Meta Mensal | H13: Status | KC13: 12 | KD13: =IF(12<=$Z$3,DATE(Configurações!$B$3,3,12),"") | KE13: =SUM($DD$67:$DD$79) | KF13: =SUM($CY$67:$CY$79)
A14: 1 | B14: =INDEX($A$67:$A$79,MATCH(LARGE($KA$67:$KA$79,1),$KA$67:$KA$79,0)) | C14: =INDEX($JU$67:$JU$79,MATCH(LARGE($KA$67:$KA$79,1),$KA$67:$KA$79,0)) | D14: =INDEX($JV$67:$JV$79,MATCH(LARGE($KA$67:$KA$79,1),$KA$67:$KA$79,0)) | E14: =INDEX($JW$67:$JW$79,MATCH(LARGE($KA$67:$KA$79,1),$KA$67:$KA$79,0)) | F14: =INDEX($JX$67:$JX$79,MATCH(LARGE($KA$67:$KA$79,1),$KA$67:$KA$79,0)) | G14: =INDEX($JY$67:$JY$79,MATCH(LARGE($KA$67:$KA$79,1),$KA$67:$KA$79,0)) | H14: =IF(G14=0,"— Sem meta",IF(C14>=G14,"✓ Meta atingida","Em andamento")) | KC14: 13 | KD14: =IF(13<=$Z$3,DATE(Configurações!$B$3,3,13),"") | KE14: =SUM($DM$67:$DM$79) | KF14: =SUM($DH$67:$DH$79)
A15: 2 | B15: =INDEX($A$67:$A$79,MATCH(LARGE($KA$67:$KA$79,2),$KA$67:$KA$79,0)) | C15: =INDEX($JU$67:$JU$79,MATCH(LARGE($KA$67:$KA$79,2),$KA$67:$KA$79,0)) | D15: =INDEX($JV$67:$JV$79,MATCH(LARGE($KA$67:$KA$79,2),$KA$67:$KA$79,0)) | E15: =INDEX($JW$67:$JW$79,MATCH(LARGE($KA$67:$KA$79,2),$KA$67:$KA$79,0)) | F15: =INDEX($JX$67:$JX$79,MATCH(LARGE($KA$67:$KA$79,2),$KA$67:$KA$79,0)) | G15: =INDEX($JY$67:$JY$79,MATCH(LARGE($KA$67:$KA$79,2),$KA$67:$KA$79,0)) | H15: =IF(G15=0,"— Sem meta",IF(C15>=G15,"✓ Meta atingida","Em andamento")) | KC15: 14 | KD15: =IF(14<=$Z$3,DATE(Configurações!$B$3,3,14),"") | KE15: =SUM($DV$67:$DV$79) | KF15: =SUM($DQ$67:$DQ$79)
A16: 3 | B16: =INDEX($A$67:$A$79,MATCH(LARGE($KA$67:$KA$79,3),$KA$67:$KA$79,0)) | C16: =INDEX($JU$67:$JU$79,MATCH(LARGE($KA$67:$KA$79,3),$KA$67:$KA$79,0)) | D16: =INDEX($JV$67:$JV$79,MATCH(LARGE($KA$67:$KA$79,3),$KA$67:$KA$79,0)) | E16: =INDEX($JW$67:$JW$79,MATCH(LARGE($KA$67:$KA$79,3),$KA$67:$KA$79,0)) | F16: =INDEX($JX$67:$JX$79,MATCH(LARGE($KA$67:$KA$79,3),$KA$67:$KA$79,0)) | G16: =INDEX($JY$67:$JY$79,MATCH(LARGE($KA$67:$KA$79,3),$KA$67:$KA$79,0)) | H16: =IF(G16=0,"— Sem meta",IF(C16>=G16,"✓ Meta atingida","Em andamento")) | KC16: 15 | KD16: =IF(15<=$Z$3,DATE(Configurações!$B$3,3,15),"") | KE16: =SUM($EE$67:$EE$79) | KF16: =SUM($DZ$67:$DZ$79)
A17: 4 | B17: =INDEX($A$67:$A$79,MATCH(LARGE($KA$67:$KA$79,4),$KA$67:$KA$79,0)) | C17: =INDEX($JU$67:$JU$79,MATCH(LARGE($KA$67:$KA$79,4),$KA$67:$KA$79,0)) | D17: =INDEX($JV$67:$JV$79,MATCH(LARGE($KA$67:$KA$79,4),$KA$67:$KA$79,0)) | E17: =INDEX($JW$67:$JW$79,MATCH(LARGE($KA$67:$KA$79,4),$KA$67:$KA$79,0)) | F17: =INDEX($JX$67:$JX$79,MATCH(LARGE($KA$67:$KA$79,4),$KA$67:$KA$79,0)) | G17: =INDEX($JY$67:$JY$79,MATCH(LARGE($KA$67:$KA$79,4),$KA$67:$KA$79,0)) | H17: =IF(G17=0,"— Sem meta",IF(C17>=G17,"✓ Meta atingida","Em andamento")) | KC17: 16 | KD17: =IF(16<=$Z$3,DATE(Configurações!$B$3,3,16),"") | KE17: =SUM($EN$67:$EN$79) | KF17: =SUM($EI$67:$EI$79)
A18: 5 | B18: =INDEX($A$67:$A$79,MATCH(LARGE($KA$67:$KA$79,5),$KA$67:$KA$79,0)) | C18: =INDEX($JU$67:$JU$79,MATCH(LARGE($KA$67:$KA$79,5),$KA$67:$KA$79,0)) | D18: =INDEX($JV$67:$JV$79,MATCH(LARGE($KA$67:$KA$79,5),$KA$67:$KA$79,0)) | E18: =INDEX($JW$67:$JW$79,MATCH(LARGE($KA$67:$KA$79,5),$KA$67:$KA$79,0)) | F18: =INDEX($JX$67:$JX$79,MATCH(LARGE($KA$67:$KA$79,5),$KA$67:$KA$79,0)) | G18: =INDEX($JY$67:$JY$79,MATCH(LARGE($KA$67:$KA$79,5),$KA$67:$KA$79,0)) | H18: =IF(G18=0,"— Sem meta",IF(C18>=G18,"✓ Meta atingida","Em andamento")) | KC18: 17 | KD18: =IF(17<=$Z$3,DATE(Configurações!$B$3,3,17),"") | KE18: =SUM($EW$67:$EW$79) | KF18: =SUM($ER$67:$ER$79)
A19: 6 | B19: =INDEX($A$67:$A$79,MATCH(LARGE($KA$67:$KA$79,6),$KA$67:$KA$79,0)) | C19: =INDEX($JU$67:$JU$79,MATCH(LARGE($KA$67:$KA$79,6),$KA$67:$KA$79,0)) | D19: =INDEX($JV$67:$JV$79,MATCH(LARGE($KA$67:$KA$79,6),$KA$67:$KA$79,0)) | E19: =INDEX($JW$67:$JW$79,MATCH(LARGE($KA$67:$KA$79,6),$KA$67:$KA$79,0)) | F19: =INDEX($JX$67:$JX$79,MATCH(LARGE($KA$67:$KA$79,6),$KA$67:$KA$79,0)) | G19: =INDEX($JY$67:$JY$79,MATCH(LARGE($KA$67:$KA$79,6),$KA$67:$KA$79,0)) | H19: =IF(G19=0,"— Sem meta",IF(C19>=G19,"✓ Meta atingida","Em andamento")) | KC19: 18 | KD19: =IF(18<=$Z$3,DATE(Configurações!$B$3,3,18),"") | KE19: =SUM($FF$67:$FF$79) | KF19: =SUM($FA$67:$FA$79)
A20: 7 | B20: =INDEX($A$67:$A$79,MATCH(LARGE($KA$67:$KA$79,7),$KA$67:$KA$79,0)) | C20: =INDEX($JU$67:$JU$79,MATCH(LARGE($KA$67:$KA$79,7),$KA$67:$KA$79,0)) | D20: =INDEX($JV$67:$JV$79,MATCH(LARGE($KA$67:$KA$79,7),$KA$67:$KA$79,0)) | E20: =INDEX($JW$67:$JW$79,MATCH(LARGE($KA$67:$KA$79,7),$KA$67:$KA$79,0)) | F20: =INDEX($JX$67:$JX$79,MATCH(LARGE($KA$67:$KA$79,7),$KA$67:$KA$79,0)) | G20: =INDEX($JY$67:$JY$79,MATCH(LARGE($KA$67:$KA$79,7),$KA$67:$KA$79,0)) | H20: =IF(G20=0,"— Sem meta",IF(C20>=G20,"✓ Meta atingida","Em andamento")) | KC20: 19 | KD20: =IF(19<=$Z$3,DATE(Configurações!$B$3,3,19),"") | KE20: =SUM($FO$67:$FO$79) | KF20: =SUM($FJ$67:$FJ$79)
A21: 8 | B21: =INDEX($A$67:$A$79,MATCH(LARGE($KA$67:$KA$79,8),$KA$67:$KA$79,0)) | C21: =INDEX($JU$67:$JU$79,MATCH(LARGE($KA$67:$KA$79,8),$KA$67:$KA$79,0)) | D21: =INDEX($JV$67:$JV$79,MATCH(LARGE($KA$67:$KA$79,8),$KA$67:$KA$79,0)) | E21: =INDEX($JW$67:$JW$79,MATCH(LARGE($KA$67:$KA$79,8),$KA$67:$KA$79,0)) | F21: =INDEX($JX$67:$JX$79,MATCH(LARGE($KA$67:$KA$79,8),$KA$67:$KA$79,0)) | G21: =INDEX($JY$67:$JY$79,MATCH(LARGE($KA$67:$KA$79,8),$KA$67:$KA$79,0)) | H21: =IF(G21=0,"— Sem meta",IF(C21>=G21,"✓ Meta atingida","Em andamento")) | KC21: 20 | KD21: =IF(20<=$Z$3,DATE(Configurações!$B$3,3,20),"") | KE21: =SUM($FX$67:$FX$79) | KF21: =SUM($FS$67:$FS$79)
A22: 9 | B22: =INDEX($A$67:$A$79,MATCH(LARGE($KA$67:$KA$79,9),$KA$67:$KA$79,0)) | C22: =INDEX($JU$67:$JU$79,MATCH(LARGE($KA$67:$KA$79,9),$KA$67:$KA$79,0)) | D22: =INDEX($JV$67:$JV$79,MATCH(LARGE($KA$67:$KA$79,9),$KA$67:$KA$79,0)) | E22: =INDEX($JW$67:$JW$79,MATCH(LARGE($KA$67:$KA$79,9),$KA$67:$KA$79,0)) | F22: =INDEX($JX$67:$JX$79,MATCH(LARGE($KA$67:$KA$79,9),$KA$67:$KA$79,0)) | G22: =INDEX($JY$67:$JY$79,MATCH(LARGE($KA$67:$KA$79,9),$KA$67:$KA$79,0)) | H22: =IF(G22=0,"— Sem meta",IF(C22>=G22,"✓ Meta atingida","Em andamento")) | KC22: 21 | KD22: =IF(21<=$Z$3,DATE(Configurações!$B$3,3,21),"") | KE22: =SUM($GG$67:$GG$79) | KF22: =SUM($GB$67:$GB$79)
A23: 10 | B23: =INDEX($A$67:$A$79,MATCH(LARGE($KA$67:$KA$79,10),$KA$67:$KA$79,0)) | C23: =INDEX($JU$67:$JU$79,MATCH(LARGE($KA$67:$KA$79,10),$KA$67:$KA$79,0)) | D23: =INDEX($JV$67:$JV$79,MATCH(LARGE($KA$67:$KA$79,10),$KA$67:$KA$79,0)) | E23: =INDEX($JW$67:$JW$79,MATCH(LARGE($KA$67:$KA$79,10),$KA$67:$KA$79,0)) | F23: =INDEX($JX$67:$JX$79,MATCH(LARGE($KA$67:$KA$79,10),$KA$67:$KA$79,0)) | G23: =INDEX($JY$67:$JY$79,MATCH(LARGE($KA$67:$KA$79,10),$KA$67:$KA$79,0)) | H23: =IF(G23=0,"— Sem meta",IF(C23>=G23,"✓ Meta atingida","Em andamento")) | KC23: 22 | KD23: =IF(22<=$Z$3,DATE(Configurações!$B$3,3,22),"") | KE23: =SUM($GP$67:$GP$79) | KF23: =SUM($GK$67:$GK$79)
A24: 11 | B24: =INDEX($A$67:$A$79,MATCH(LARGE($KA$67:$KA$79,11),$KA$67:$KA$79,0)) | C24: =INDEX($JU$67:$JU$79,MATCH(LARGE($KA$67:$KA$79,11),$KA$67:$KA$79,0)) | D24: =INDEX($JV$67:$JV$79,MATCH(LARGE($KA$67:$KA$79,11),$KA$67:$KA$79,0)) | E24: =INDEX($JW$67:$JW$79,MATCH(LARGE($KA$67:$KA$79,11),$KA$67:$KA$79,0)) | F24: =INDEX($JX$67:$JX$79,MATCH(LARGE($KA$67:$KA$79,11),$KA$67:$KA$79,0)) | G24: =INDEX($JY$67:$JY$79,MATCH(LARGE($KA$67:$KA$79,11),$KA$67:$KA$79,0)) | H24: =IF(G24=0,"— Sem meta",IF(C24>=G24,"✓ Meta atingida","Em andamento")) | KC24: 23 | KD24: =IF(23<=$Z$3,DATE(Configurações!$B$3,3,23),"") | KE24: =SUM($GY$67:$GY$79) | KF24: =SUM($GT$67:$GT$79)
A25: 12 | B25: =INDEX($A$67:$A$79,MATCH(LARGE($KA$67:$KA$79,12),$KA$67:$KA$79,0)) | C25: =INDEX($JU$67:$JU$79,MATCH(LARGE($KA$67:$KA$79,12),$KA$67:$KA$79,0)) | D25: =INDEX($JV$67:$JV$79,MATCH(LARGE($KA$67:$KA$79,12),$KA$67:$KA$79,0)) | E25: =INDEX($JW$67:$JW$79,MATCH(LARGE($KA$67:$KA$79,12),$KA$67:$KA$79,0)) | F25: =INDEX($JX$67:$JX$79,MATCH(LARGE($KA$67:$KA$79,12),$KA$67:$KA$79,0)) | G25: =INDEX($JY$67:$JY$79,MATCH(LARGE($KA$67:$KA$79,12),$KA$67:$KA$79,0)) | H25: =IF(G25=0,"— Sem meta",IF(C25>=G25,"✓ Meta atingida","Em andamento")) | KC25: 24 | KD25: =IF(24<=$Z$3,DATE(Configurações!$B$3,3,24),"") | KE25: =SUM($HH$67:$HH$79) | KF25: =SUM($HC$67:$HC$79)
A26: 13 | B26: =INDEX($A$67:$A$79,MATCH(LARGE($KA$67:$KA$79,13),$KA$67:$KA$79,0)) | C26: =INDEX($JU$67:$JU$79,MATCH(LARGE($KA$67:$KA$79,13),$KA$67:$KA$79,0)) | D26: =INDEX($JV$67:$JV$79,MATCH(LARGE($KA$67:$KA$79,13),$KA$67:$KA$79,0)) | E26: =INDEX($JW$67:$JW$79,MATCH(LARGE($KA$67:$KA$79,13),$KA$67:$KA$79,0)) | F26: =INDEX($JX$67:$JX$79,MATCH(LARGE($KA$67:$KA$79,13),$KA$67:$KA$79,0)) | G26: =INDEX($JY$67:$JY$79,MATCH(LARGE($KA$67:$KA$79,13),$KA$67:$KA$79,0)) | H26: =IF(G26=0,"— Sem meta",IF(C26>=G26,"✓ Meta atingida","Em andamento")) | KC26: 25 | KD26: =IF(25<=$Z$3,DATE(Configurações!$B$3,3,25),"") | KE26: =SUM($HQ$67:$HQ$79) | KF26: =SUM($HL$67:$HL$79)
KC27: 26 | KD27: =IF(26<=$Z$3,DATE(Configurações!$B$3,3,26),"") | KE27: =SUM($HZ$67:$HZ$79) | KF27: =SUM($HU$67:$HU$79)
KC28: 27 | KD28: =IF(27<=$Z$3,DATE(Configurações!$B$3,3,27),"") | KE28: =SUM($II$67:$II$79) | KF28: =SUM($ID$67:$ID$79)
KC29: 28 | KD29: =IF(28<=$Z$3,DATE(Configurações!$B$3,3,28),"") | KE29: =SUM($IR$67:$IR$79) | KF29: =SUM($IM$67:$IM$79)
KC30: 29 | KD30: =IF(29<=$Z$3,DATE(Configurações!$B$3,3,29),"") | KE30: =SUM($JA$67:$JA$79) | KF30: =SUM($IV$67:$IV$79)
KC31: 30 | KD31: =IF(30<=$Z$3,DATE(Configurações!$B$3,3,30),"") | KE31: =SUM($JJ$67:$JJ$79) | KF31: =SUM($JE$67:$JE$79)
KC32: 31 | KD32: =IF(31<=$Z$3,DATE(Configurações!$B$3,3,31),"") | KE32: =SUM($JS$67:$JS$79) | KF32: =SUM($JN$67:$JN$79)
A64: 📋 LANÇAMENTOS DIÁRIOS POR ASSESSOR (role para a direita)
A65: Assessor | B65: ="Dia 1 — "&IF(1<=$Z$3,TEXT(DATE(Configurações!$B$3,3,1),"dd/mm")&" ("&CHOOSE(WEEKDAY(DATE(Configurações!$B$3,3,1)),"Dom","Seg","Ter","Qua","Qui","Sex","Sáb")&")","—") | K65: ="Dia 2 — "&IF(2<=$Z$3,TEXT(DATE(Configurações!$B$3,3,2),"dd/mm")&" ("&CHOOSE(WEEKDAY(DATE(Configurações!$B$3,3,2)),"Dom","Seg","Ter","Qua","Qui","Sex","Sáb")&")","—") | T65: ="Dia 3 — "&IF(3<=$Z$3,TEXT(DATE(Configurações!$B$3,3,3),"dd/mm")&" ("&CHOOSE(WEEKDAY(DATE(Configurações!$B$3,3,3)),"Dom","Seg","Ter","Qua","Qui","Sex","Sáb")&")","—") | AC65: ="Dia 4 — "&IF(4<=$Z$3,TEXT(DATE(Configurações!$B$3,3,4),"dd/mm")&" ("&CHOOSE(WEEKDAY(DATE(Configurações!$B$3,3,4)),"Dom","Seg","Ter","Qua","Qui","Sex","Sáb")&")","—") | AL65: ="Dia 5 — "&IF(5<=$Z$3,TEXT(DATE(Configurações!$B$3,3,5),"dd/mm")&" ("&CHOOSE(WEEKDAY(DATE(Configurações!$B$3,3,5)),"Dom","Seg","Ter","Qua","Qui","Sex","Sáb")&")","—") | AU65: ="Dia 6 — "&IF(6<=$Z$3,TEXT(DATE(Configurações!$B$3,3,6),"dd/mm")&" ("&CHOOSE(WEEKDAY(DATE(Configurações!$B$3,3,6)),"Dom","Seg","Ter","Qua","Qui","Sex","Sáb")&")","—") | BD65: ="Dia 7 — "&IF(7<=$Z$3,TEXT(DATE(Configurações!$B$3,3,7),"dd/mm")&" ("&CHOOSE(WEEKDAY(DATE(Configurações!$B$3,3,7)),"Dom","Seg","Ter","Qua","Qui","Sex","Sáb")&")","—") | BM65: ="Dia 8 — "&IF(8<=$Z$3,TEXT(DATE(Configurações!$B$3,3,8),"dd/mm")&" ("&CHOOSE(WEEKDAY(DATE(Configurações!$B$3,3,8)),"Dom","Seg","Ter","Qua","Qui","Sex","Sáb")&")","—") | BV65: ="Dia 9 — "&IF(9<=$Z$3,TEXT(DATE(Configurações!$B$3,3,9),"dd/mm")&" ("&CHOOSE(WEEKDAY(DATE(Configurações!$B$3,3,9)),"Dom","Seg","Ter","Qua","Qui","Sex","Sáb")&")","—") | CE65: ="Dia 10 — "&IF(10<=$Z$3,TEXT(DATE(Configurações!$B$3,3,10),"dd/mm")&" ("&CHOOSE(WEEKDAY(DATE(Configurações!$B$3,3,10)),"Dom","Seg","Ter","Qua","Qui","Sex","Sáb")&")","—") | CN65: ="Dia 11 — "&IF(11<=$Z$3,TEXT(DATE(Configurações!$B$3,3,11),"dd/mm")&" ("&CHOOSE(WEEKDAY(DATE(Configurações!$B$3,3,11)),"Dom","Seg","Ter","Qua","Qui","Sex","Sáb")&")","—") | CW65: ="Dia 12 — "&IF(12<=$Z$3,TEXT(DATE(Configurações!$B$3,3,12),"dd/mm")&" ("&CHOOSE(WEEKDAY(DATE(Configurações!$B$3,3,12)),"Dom","Seg","Ter","Qua","Qui","Sex","Sáb")&")","—") | DF65: ="Dia 13 — "&IF(13<=$Z$3,TEXT(DATE(Configurações!$B$3,3,13),"dd/mm")&" ("&CHOOSE(WEEKDAY(DATE(Configurações!$B$3,3,13)),"Dom","Seg","Ter","Qua","Qui","Sex","Sáb")&")","—") | DO65: ="Dia 14 — "&IF(14<=$Z$3,TEXT(DATE(Configurações!$B$3,3,14),"dd/mm")&" ("&CHOOSE(WEEKDAY(DATE(Configurações!$B$3,3,14)),"Dom","Seg","Ter","Qua","Qui","Sex","Sáb")&")","—") | DX65: ="Dia 15 — "&IF(15<=$Z$3,TEXT(DATE(Configurações!$B$3,3,15),"dd/mm")&" ("&CHOOSE(WEEKDAY(DATE(Configurações!$B$3,3,15)),"Dom","Seg","Ter","Qua","Qui","Sex","Sáb")&")","—") | EG65: ="Dia 16 — "&IF(16<=$Z$3,TEXT(DATE(Configurações!$B$3,3,16),"dd/mm")&" ("&CHOOSE(WEEKDAY(DATE(Configurações!$B$3,3,16)),"Dom","Seg","Ter","Qua","Qui","Sex","Sáb")&")","—") | EP65: ="Dia 17 — "&IF(17<=$Z$3,TEXT(DATE(Configurações!$B$3,3,17),"dd/mm")&" ("&CHOOSE(WEEKDAY(DATE(Configurações!$B$3,3,17)),"Dom","Seg","Ter","Qua","Qui","Sex","Sáb")&")","—") | EY65: ="Dia 18 — "&IF(18<=$Z$3,TEXT(DATE(Configurações!$B$3,3,18),"dd/mm")&" ("&CHOOSE(WEEKDAY(DATE(Configurações!$B$3,3,18)),"Dom","Seg","Ter","Qua","Qui","Sex","Sáb")&")","—") | FH65: ="Dia 19 — "&IF(19<=$Z$3,TEXT(DATE(Configurações!$B$3,3,19),"dd/mm")&" ("&CHOOSE(WEEKDAY(DATE(Configurações!$B$3,3,19)),"Dom","Seg","Ter","Qua","Qui","Sex","Sáb")&")","—") | FQ65: ="Dia 20 — "&IF(20<=$Z$3,TEXT(DATE(Configurações!$B$3,3,20),"dd/mm")&" ("&CHOOSE(WEEKDAY(DATE(Configurações!$B$3,3,20)),"Dom","Seg","Ter","Qua","Qui","Sex","Sáb")&")","—") | FZ65: ="Dia 21 — "&IF(21<=$Z$3,TEXT(DATE(Configurações!$B$3,3,21),"dd/mm")&" ("&CHOOSE(WEEKDAY(DATE(Configurações!$B$3,3,21)),"Dom","Seg","Ter","Qua","Qui","Sex","Sáb")&")","—") | GI65: ="Dia 22 — "&IF(22<=$Z$3,TEXT(DATE(Configurações!$B$3,3,22),"dd/mm")&" ("&CHOOSE(WEEKDAY(DATE(Configurações!$B$3,3,22)),"Dom","Seg","Ter","Qua","Qui","Sex","Sáb")&")","—") | GR65: ="Dia 23 — "&IF(23<=$Z$3,TEXT(DATE(Configurações!$B$3,3,23),"dd/mm")&" ("&CHOOSE(WEEKDAY(DATE(Configurações!$B$3,3,23)),"Dom","Seg","Ter","Qua","Qui","Sex","Sáb")&")","—") | HA65: ="Dia 24 — "&IF(24<=$Z$3,TEXT(DATE(Configurações!$B$3,3,24),"dd/mm")&" ("&CHOOSE(WEEKDAY(DATE(Configurações!$B$3,3,24)),"Dom","Seg","Ter","Qua","Qui","Sex","Sáb")&")","—") | HJ65: ="Dia 25 — "&IF(25<=$Z$3,TEXT(DATE(Configurações!$B$3,3,25),"dd/mm")&" ("&CHOOSE(WEEKDAY(DATE(Configurações!$B$3,3,25)),"Dom","Seg","Ter","Qua","Qui","Sex","Sáb")&")","—") | HS65: ="Dia 26 — "&IF(26<=$Z$3,TEXT(DATE(Configurações!$B$3,3,26),"dd/mm")&" ("&CHOOSE(WEEKDAY(DATE(Configurações!$B$3,3,26)),"Dom","Seg","Ter","Qua","Qui","Sex","Sáb")&")","—") | IB65: ="Dia 27 — "&IF(27<=$Z$3,TEXT(DATE(Configurações!$B$3,3,27),"dd/mm")&" ("&CHOOSE(WEEKDAY(DATE(Configurações!$B$3,3,27)),"Dom","Seg","Ter","Qua","Qui","Sex","Sáb")&")","—") | IK65: ="Dia 28 — "&IF(28<=$Z$3,TEXT(DATE(Configurações!$B$3,3,28),"dd/mm")&" ("&CHOOSE(WEEKDAY(DATE(Configurações!$B$3,3,28)),"Dom","Seg","Ter","Qua","Qui","Sex","Sáb")&")","—") | IT65: ="Dia 29 — "&IF(29<=$Z$3,TEXT(DATE(Configurações!$B$3,3,29),"dd/mm")&" ("&CHOOSE(WEEKDAY(DATE(Configurações!$B$3,3,29)),"Dom","Seg","Ter","Qua","Qui","Sex","Sáb")&")","—") | JC65: ="Dia 30 — "&IF(30<=$Z$3,TEXT(DATE(Configurações!$B$3,3,30),"dd/mm")&" ("&CHOOSE(WEEKDAY(DATE(Configurações!$B$3,3,30)),"Dom","Seg","Ter","Qua","Qui","Sex","Sáb")&")","—") | JL65: ="Dia 31 — "&IF(31<=$Z$3,TEXT(DATE(Configurações!$B$3,3,31),"dd/mm")&" ("&CHOOSE(WEEKDAY(DATE(Configurações!$B$3,3,31)),"Dom","Seg","Ter","Qua","Qui","Sex","Sáb")&")","—") | JU65: Produção Total (Mês) | JV65: Captação Líquida (Mês) | JW65: Saldo Pulso Atual | JX65: Média Diária | JY65: Meta Mensal | JZ65: Status Meta
B66: Saldo Pulso | C66: Saldo Anterior | D66: Captação Líq. | E66: COE | F66: Previdência | G66: Créd. Privado | H66: Tít. Públicos | I66: Produção Tot. | J66: Obs. | K66: Saldo Pulso | L66: Saldo Anterior | M66: Captação Líq. | N66: COE | O66: Previdência | P66: Créd. Privado | Q66: Tít. Públicos | R66: Produção Tot. | S66: Obs. | T66: Saldo Pulso | U66: Saldo Anterior | V66: Captação Líq. | W66: COE | X66: Previdência | Y66: Créd. Privado | Z66: Tít. Públicos | AA66: Produção Tot. | AB66: Obs. | AC66: Saldo Pulso | AD66: Saldo Anterior | AE66: Captação Líq. | AF66: COE | AG66: Previdência | AH66: Créd. Privado | AI66: Tít. Públicos | AJ66: Produção Tot. | AK66: Obs. | AL66: Saldo Pulso | AM66: Saldo Anterior | AN66: Captação Líq. | AO66: COE | AP66: Previdência | AQ66: Créd. Privado | AR66: Tít. Públicos | AS66: Produção Tot. | AT66: Obs. | AU66: Saldo Pulso | AV66: Saldo Anterior | AW66: Captação Líq. | AX66: COE | AY66: Previdência | AZ66: Créd. Privado | BA66: Tít. Públicos | BB66: Produção Tot. | BC66: Obs. | BD66: Saldo Pulso | BE66: Saldo Anterior | BF66: Captação Líq. | BG66: COE | BH66: Previdência | BI66: Créd. Privado | BJ66: Tít. Públicos | BK66: Produção Tot. | BL66: Obs. | BM66: Saldo Pulso | BN66: Saldo Anterior | BO66: Captação Líq. | BP66: COE | BQ66: Previdência | BR66: Créd. Privado | BS66: Tít. Públicos | BT66: Produção Tot. | BU66: Obs. | BV66: Saldo Pulso | BW66: Saldo Anterior | BX66: Captação Líq. | BY66: COE | BZ66: Previdência | CA66: Créd. Privado | CB66: Tít. Públicos | CC66: Produção Tot. | CD66: Obs. | CE66: Saldo Pulso | CF66: Saldo Anterior | CG66: Captação Líq. | CH66: COE | CI66: Previdência | CJ66: Créd. Privado | CK66: Tít. Públicos | CL66: Produção Tot. | CM66: Obs. | CN66: Saldo Pulso | CO66: Saldo Anterior | CP66: Captação Líq. | CQ66: COE | CR66: Previdência | CS66: Créd. Privado | CT66: Tít. Públicos | CU66: Produção Tot. | CV66: Obs. | CW66: Saldo Pulso | CX66: Saldo Anterior | CY66: Captação Líq. | CZ66: COE | DA66: Previdência | DB66: Créd. Privado | DC66: Tít. Públicos | DD66: Produção Tot. | DE66: Obs. | DF66: Saldo Pulso | DG66: Saldo Anterior | DH66: Captação Líq. | DI66: COE | DJ66: Previdência | DK66: Créd. Privado | DL66: Tít. Públicos | DM66: Produção Tot. | DN66: Obs. | DO66: Saldo Pulso | DP66: Saldo Anterior | DQ66: Captação Líq. | DR66: COE | DS66: Previdência | DT66: Créd. Privado | DU66: Tít. Públicos | DV66: Produção Tot. | DW66: Obs. | DX66: Saldo Pulso | DY66: Saldo Anterior | DZ66: Captação Líq. | EA66: COE | EB66: Previdência | EC66: Créd. Privado | ED66: Tít. Públicos | EE66: Produção Tot. | EF66: Obs. | EG66: Saldo Pulso | EH66: Saldo Anterior | EI66: Captação Líq. | EJ66: COE | EK66: Previdência | EL66: Créd. Privado | EM66: Tít. Públicos | EN66: Produção Tot. | EO66: Obs. | EP66: Saldo Pulso | EQ66: Saldo Anterior | ER66: Captação Líq. | ES66: COE | ET66: Previdência | EU66: Créd. Privado | EV66: Tít. Públicos | EW66: Produção Tot. | EX66: Obs. | EY66: Saldo Pulso | EZ66: Saldo Anterior | FA66: Captação Líq. | FB66: COE | FC66: Previdência | FD66: Créd. Privado | FE66: Tít. Públicos | FF66: Produção Tot. | FG66: Obs. | FH66: Saldo Pulso | FI66: Saldo Anterior | FJ66: Captação Líq. | FK66: COE | FL66: Previdência | FM66: Créd. Privado | FN66: Tít. Públicos | FO66: Produção Tot. | FP66: Obs. | FQ66: Saldo Pulso | FR66: Saldo Anterior | FS66: Captação Líq. | FT66: COE | FU66: Previdência | FV66: Créd. Privado | FW66: Tít. Públicos | FX66: Produção Tot. | FY66: Obs. | FZ66: Saldo Pulso | GA66: Saldo Anterior | GB66: Captação Líq. | GC66: COE | GD66: Previdência | GE66: Créd. Privado | GF66: Tít. Públicos | GG66: Produção Tot. | GH66: Obs. | GI66: Saldo Pulso | GJ66: Saldo Anterior | GK66: Captação Líq. | GL66: COE | GM66: Previdência | GN66: Créd. Privado | GO66: Tít. Públicos | GP66: Produção Tot. | GQ66: Obs. | GR66: Saldo Pulso | GS66: Saldo Anterior | GT66: Captação Líq. | GU66: COE | GV66: Previdência | GW66: Créd. Privado | GX66: Tít. Públicos | GY66: Produção Tot. | GZ66: Obs. | HA66: Saldo Pulso | HB66: Saldo Anterior | HC66: Captação Líq. | HD66: COE | HE66: Previdência | HF66: Créd. Privado | HG66: Tít. Públicos | HH66: Produção Tot. | HI66: Obs. | HJ66: Saldo Pulso | HK66: Saldo Anterior | HL66: Captação Líq. | HM66: COE | HN66: Previdência | HO66: Créd. Privado | HP66: Tít. Públicos | HQ66: Produção Tot. | HR66: Obs. | HS66: Saldo Pulso | HT66: Saldo Anterior | HU66: Captação Líq. | HV66: COE | HW66: Previdência | HX66: Créd. Privado | HY66: Tít. Públicos | HZ66: Produção Tot. | IA66: Obs. | IB66: Saldo Pulso | IC66: Saldo Anterior | ID66: Captação Líq. | IE66: COE | IF66: Previdência | IG66: Créd. Privado | IH66: Tít. Públicos | II66: Produção Tot. | IJ66: Obs. | IK66: Saldo Pulso | IL66: Saldo Anterior | IM66: Captação Líq. | IN66: COE | IO66: Previdência | IP66: Créd. Privado | IQ66: Tít. Públicos | IR66: Produção Tot. | IS66: Obs. | IT66: Saldo Pulso | IU66: Saldo Anterior | IV66: Captação Líq. | IW66: COE | IX66: Previdência | IY66: Créd. Privado | IZ66: Tít. Públicos | JA66: Produção Tot. | JB66: Obs. | JC66: Saldo Pulso | JD66: Saldo Anterior | JE66: Captação Líq. | JF66: COE | JG66: Previdência | JH66: Créd. Privado | JI66: Tít. Públicos | JJ66: Produção Tot. | JK66: Obs. | JL66: Saldo Pulso | JM66: Saldo Anterior | JN66: Captação Líq. | JO66: COE | JP66: Previdência | JQ66: Créd. Privado | JR66: Tít. Públicos | JS66: Produção Tot. | JT66: Obs.
A67: =IF(Configurações!$B$7="","Assessor 1",Configurações!$B$7) | C67: ='Fevereiro'!$JW67 | I67: =SUM(E67:H67) | L67: =B67 | R67: =SUM(N67:Q67) | U67: =K67 | AA67: =SUM(W67:Z67) | AD67: =T67 | AJ67: =SUM(AF67:AI67) | AM67: =AC67 | AS67: =SUM(AO67:AR67) | AV67: =AL67 | BB67: =SUM(AX67:BA67) | BE67: =AU67 | BK67: =SUM(BG67:BJ67) | BN67: =BD67 | BT67: =SUM(BP67:BS67) | BW67: =BM67 | CC67: =SUM(BY67:CB67) | CF67: =BV67 | CL67: =SUM(CH67:CK67) | CO67: =CE67 | CU67: =SUM(CQ67:CT67) | CX67: =CN67 | DD67: =SUM(CZ67:DC67) | DG67: =CW67 | DM67: =SUM(DI67:DL67) | DP67: =DF67 | DV67: =SUM(DR67:DU67) | DY67: =DO67 | EE67: =SUM(EA67:ED67) | EH67: =DX67 | EN67: =SUM(EJ67:EM67) | EQ67: =EG67 | EW67: =SUM(ES67:EV67) | EZ67: =EP67 | FF67: =SUM(FB67:FE67) | FI67: =EY67 | FO67: =SUM(FK67:FN67) | FR67: =FH67 | FX67: =SUM(FT67:FW67) | GA67: =FQ67 | GG67: =SUM(GC67:GF67) | GJ67: =FZ67 | GP67: =SUM(GL67:GO67) | GS67: =GI67 | GY67: =SUM(GU67:GX67) | HB67: =GR67 | HH67: =SUM(HD67:HG67) | HK67: =HA67 | HQ67: =SUM(HM67:HP67) | HT67: =HJ67 | HZ67: =SUM(HV67:HY67) | IC67: =HS67 | II67: =SUM(IE67:IH67) | IL67: =IB67 | IR67: =SUM(IN67:IQ67) | IU67: =IK67 | JA67: =SUM(IW67:IZ67) | JD67: =IT67 | JJ67: =SUM(JF67:JI67) | JM67: =JC67 | JS67: =SUM(JO67:JR67) | JU67: =I67+R67+AA67+AJ67+AS67+BB67+BK67+BT67+CC67+CL67+CU67+DD67+DM67+DV67+EE67+EN67+EW67+FF67+FO67+FX67+GG67+GP67+GY67+HH67+HQ67+HZ67+II67+IR67+JA67+JJ67+JS67 | JV67: =D67+M67+V67+AE67+AN67+AW67+BF67+BO67+BX67+CG67+CP67+CY67+DH67+DQ67+DZ67+EI67+ER67+FA67+FJ67+FS67+GB67+GK67+GT67+HC67+HL67+HU67+ID67+IM67+IV67+JE67+JN67 | JW67: =CHOOSE($Z$3,B67, K67, T67, AC67, AL67, AU67, BD67, BM67, BV67, CE67, CN67, CW67, DF67, DO67, DX67, EG67, EP67, EY67, FH67, FQ67, FZ67, GI67, GR67, HA67, HJ67, HS67, IB67, IK67, IT67, JC67, JL67) | JX67: =IFERROR(JU67/$Z$3,0) | JY67: =Configurações!$C$7 | JZ67: =IF(JY67=0,"— Sem meta",IF(JU67>=JY67,"✓ Atingida","Em andamento")) | KA67: =JU67+(13*0.0000001)
A68: =IF(Configurações!$B$8="","Assessor 2",Configurações!$B$8) | C68: ='Fevereiro'!$JW68 | I68: =SUM(E68:H68) | L68: =B68 | R68: =SUM(N68:Q68) | U68: =K68 | AA68: =SUM(W68:Z68) | AD68: =T68 | AJ68: =SUM(AF68:AI68) | AM68: =AC68 | AS68: =SUM(AO68:AR68) | AV68: =AL68 | BB68: =SUM(AX68:BA68) | BE68: =AU68 | BK68: =SUM(BG68:BJ68) | BN68: =BD68 | BT68: =SUM(BP68:BS68) | BW68: =BM68 | CC68: =SUM(BY68:CB68) | CF68: =BV68 | CL68: =SUM(CH68:CK68) | CO68: =CE68 | CU68: =SUM(CQ68:CT68) | CX68: =CN68 | DD68: =SUM(CZ68:DC68) | DG68: =CW68 | DM68: =SUM(DI68:DL68) | DP68: =DF68 | DV68: =SUM(DR68:DU68) | DY68: =DO68 | EE68: =SUM(EA68:ED68) | EH68: =DX68 | EN68: =SUM(EJ68:EM68) | EQ68: =EG68 | EW68: =SUM(ES68:EV68) | EZ68: =EP68 | FF68: =SUM(FB68:FE68) | FI68: =EY68 | FO68: =SUM(FK68:FN68) | FR68: =FH68 | FX68: =SUM(FT68:FW68) | GA68: =FQ68 | GG68: =SUM(GC68:GF68) | GJ68: =FZ68 | GP68: =SUM(GL68:GO68) | GS68: =GI68 | GY68: =SUM(GU68:GX68) | HB68: =GR68 | HH68: =SUM(HD68:HG68) | HK68: =HA68 | HQ68: =SUM(HM68:HP68) | HT68: =HJ68 | HZ68: =SUM(HV68:HY68) | IC68: =HS68 | II68: =SUM(IE68:IH68) | IL68: =IB68 | IR68: =SUM(IN68:IQ68) | IU68: =IK68 | JA68: =SUM(IW68:IZ68) | JD68: =IT68 | JJ68: =SUM(JF68:JI68) | JM68: =JC68 | JS68: =SUM(JO68:JR68) | JU68: =I68+R68+AA68+AJ68+AS68+BB68+BK68+BT68+CC68+CL68+CU68+DD68+DM68+DV68+EE68+EN68+EW68+FF68+FO68+FX68+GG68+GP68+GY68+HH68+HQ68+HZ68+II68+IR68+JA68+JJ68+JS68 | JV68: =D68+M68+V68+AE68+AN68+AW68+BF68+BO68+BX68+CG68+CP68+CY68+DH68+DQ68+DZ68+EI68+ER68+FA68+FJ68+FS68+GB68+GK68+GT68+HC68+HL68+HU68+ID68+IM68+IV68+JE68+JN68 | JW68: =CHOOSE($Z$3,B68, K68, T68, AC68, AL68, AU68, BD68, BM68, BV68, CE68, CN68, CW68, DF68, DO68, DX68, EG68, EP68, EY68, FH68, FQ68, FZ68, GI68, GR68, HA68, HJ68, HS68, IB68, IK68, IT68, JC68, JL68) | JX68: =IFERROR(JU68/$Z$3,0) | JY68: =Configurações!$C$8 | JZ68: =IF(JY68=0,"— Sem meta",IF(JU68>=JY68,"✓ Atingida","Em andamento")) | KA68: =JU68+(12*0.0000001)
A69: =IF(Configurações!$B$9="","Assessor 3",Configurações!$B$9) | C69: ='Fevereiro'!$JW69 | I69: =SUM(E69:H69) | L69: =B69 | R69: =SUM(N69:Q69) | U69: =K69 | AA69: =SUM(W69:Z69) | AD69: =T69 | AJ69: =SUM(AF69:AI69) | AM69: =AC69 | AS69: =SUM(AO69:AR69) | AV69: =AL69 | BB69: =SUM(AX69:BA69) | BE69: =AU69 | BK69: =SUM(BG69:BJ69) | BN69: =BD69 | BT69: =SUM(BP69:BS69) | BW69: =BM69 | CC69: =SUM(BY69:CB69) | CF69: =BV69 | CL69: =SUM(CH69:CK69) | CO69: =CE69 | CU69: =SUM(CQ69:CT69) | CX69: =CN69 | DD69: =SUM(CZ69:DC69) | DG69: =CW69 | DM69: =SUM(DI69:DL69) | DP69: =DF69 | DV69: =SUM(DR69:DU69) | DY69: =DO69 | EE69: =SUM(EA69:ED69) | EH69: =DX69 | EN69: =SUM(EJ69:EM69) | EQ69: =EG69 | EW69: =SUM(ES69:EV69) | EZ69: =EP69 | FF69: =SUM(FB69:FE69) | FI69: =EY69 | FO69: =SUM(FK69:FN69) | FR69: =FH69 | FX69: =SUM(FT69:FW69) | GA69: =FQ69 | GG69: =SUM(GC69:GF69) | GJ69: =FZ69 | GP69: =SUM(GL69:GO69) | GS69: =GI69 | GY69: =SUM(GU69:GX69) | HB69: =GR69 | HH69: =SUM(HD69:HG69) | HK69: =HA69 | HQ69: =SUM(HM69:HP69) | HT69: =HJ69 | HZ69: =SUM(HV69:HY69) | IC69: =HS69 | II69: =SUM(IE69:IH69) | IL69: =IB69 | IR69: =SUM(IN69:IQ69) | IU69: =IK69 | JA69: =SUM(IW69:IZ69) | JD69: =IT69 | JJ69: =SUM(JF69:JI69) | JM69: =JC69 | JS69: =SUM(JO69:JR69) | JU69: =I69+R69+AA69+AJ69+AS69+BB69+BK69+BT69+CC69+CL69+CU69+DD69+DM69+DV69+EE69+EN69+EW69+FF69+FO69+FX69+GG69+GP69+GY69+HH69+HQ69+HZ69+II69+IR69+JA69+JJ69+JS69 | JV69: =D69+M69+V69+AE69+AN69+AW69+BF69+BO69+BX69+CG69+CP69+CY69+DH69+DQ69+DZ69+EI69+ER69+FA69+FJ69+FS69+GB69+GK69+GT69+HC69+HL69+HU69+ID69+IM69+IV69+JE69+JN69 | JW69: =CHOOSE($Z$3,B69, K69, T69, AC69, AL69, AU69, BD69, BM69, BV69, CE69, CN69, CW69, DF69, DO69, DX69, EG69, EP69, EY69, FH69, FQ69, FZ69, GI69, GR69, HA69, HJ69, HS69, IB69, IK69, IT69, JC69, JL69) | JX69: =IFERROR(JU69/$Z$3,0) | JY69: =Configurações!$C$9 | JZ69: =IF(JY69=0,"— Sem meta",IF(JU69>=JY69,"✓ Atingida","Em andamento")) | KA69: =JU69+(11*0.0000001)
A70: =IF(Configurações!$B$10="","Assessor 4",Configurações!$B$10) | C70: ='Fevereiro'!$JW70 | I70: =SUM(E70:H70) | L70: =B70 | R70: =SUM(N70:Q70) | U70: =K70 | AA70: =SUM(W70:Z70) | AD70: =T70 | AJ70: =SUM(AF70:AI70) | AM70: =AC70 | AS70: =SUM(AO70:AR70) | AV70: =AL70 | BB70: =SUM(AX70:BA70) | BE70: =AU70 | BK70: =SUM(BG70:BJ70) | BN70: =BD70 | BT70: =SUM(BP70:BS70) | BW70: =BM70 | CC70: =SUM(BY70:CB70) | CF70: =BV70 | CL70: =SUM(CH70:CK70) | CO70: =CE70 | CU70: =SUM(CQ70:CT70) | CX70: =CN70 | DD70: =SUM(CZ70:DC70) | DG70: =CW70 | DM70: =SUM(DI70:DL70) | DP70: =DF70 | DV70: =SUM(DR70:DU70) | DY70: =DO70 | EE70: =SUM(EA70:ED70) | EH70: =DX70 | EN70: =SUM(EJ70:EM70) | EQ70: =EG70 | EW70: =SUM(ES70:EV70) | EZ70: =EP70 | FF70: =SUM(FB70:FE70) | FI70: =EY70 | FO70: =SUM(FK70:FN70) | FR70: =FH70 | FX70: =SUM(FT70:FW70) | GA70: =FQ70 | GG70: =SUM(GC70:GF70) | GJ70: =FZ70 | GP70: =SUM(GL70:GO70) | GS70: =GI70 | GY70: =SUM(GU70:GX70) | HB70: =GR70 | HH70: =SUM(HD70:HG70) | HK70: =HA70 | HQ70: =SUM(HM70:HP70) | HT70: =HJ70 | HZ70: =SUM(HV70:HY70) | IC70: =HS70 | II70: =SUM(IE70:IH70) | IL70: =IB70 | IR70: =SUM(IN70:IQ70) | IU70: =IK70 | JA70: =SUM(IW70:IZ70) | JD70: =IT70 | JJ70: =SUM(JF70:JI70) | JM70: =JC70 | JS70: =SUM(JO70:JR70) | JU70: =I70+R70+AA70+AJ70+AS70+BB70+BK70+BT70+CC70+CL70+CU70+DD70+DM70+DV70+EE70+EN70+EW70+FF70+FO70+FX70+GG70+GP70+GY70+HH70+HQ70+HZ70+II70+IR70+JA70+JJ70+JS70 | JV70: =D70+M70+V70+AE70+AN70+AW70+BF70+BO70+BX70+CG70+CP70+CY70+DH70+DQ70+DZ70+EI70+ER70+FA70+FJ70+FS70+GB70+GK70+GT70+HC70+HL70+HU70+ID70+IM70+IV70+JE70+JN70 | JW70: =CHOOSE($Z$3,B70, K70, T70, AC70, AL70, AU70, BD70, BM70, BV70, CE70, CN70, CW70, DF70, DO70, DX70, EG70, EP70, EY70, FH70, FQ70, FZ70, GI70, GR70, HA70, HJ70, HS70, IB70, IK70, IT70, JC70, JL70) | JX70: =IFERROR(JU70/$Z$3,0) | JY70: =Configurações!$C$10 | JZ70: =IF(JY70=0,"— Sem meta",IF(JU70>=JY70,"✓ Atingida","Em andamento")) | KA70: =JU70+(10*0.0000001)
A71: =IF(Configurações!$B$11="","Assessor 5",Configurações!$B$11) | C71: ='Fevereiro'!$JW71 | I71: =SUM(E71:H71) | L71: =B71 | R71: =SUM(N71:Q71) | U71: =K71 | AA71: =SUM(W71:Z71) | AD71: =T71 | AJ71: =SUM(AF71:AI71) | AM71: =AC71 | AS71: =SUM(AO71:AR71) | AV71: =AL71 | BB71: =SUM(AX71:BA71) | BE71: =AU71 | BK71: =SUM(BG71:BJ71) | BN71: =BD71 | BT71: =SUM(BP71:BS71) | BW71: =BM71 | CC71: =SUM(BY71:CB71) | CF71: =BV71 | CL71: =SUM(CH71:CK71) | CO71: =CE71 | CU71: =SUM(CQ71:CT71) | CX71: =CN71 | DD71: =SUM(CZ71:DC71) | DG71: =CW71 | DM71: =SUM(DI71:DL71) | DP71: =DF71 | DV71: =SUM(DR71:DU71) | DY71: =DO71 | EE71: =SUM(EA71:ED71) | EH71: =DX71 | EN71: =SUM(EJ71:EM71) | EQ71: =EG71 | EW71: =SUM(ES71:EV71) | EZ71: =EP71 | FF71: =SUM(FB71:FE71) | FI71: =EY71 | FO71: =SUM(FK71:FN71) | FR71: =FH71 | FX71: =SUM(FT71:FW71) | GA71: =FQ71 | GG71: =SUM(GC71:GF71) | GJ71: =FZ71 | GP71: =SUM(GL71:GO71) | GS71: =GI71 | GY71: =SUM(GU71:GX71) | HB71: =GR71 | HH71: =SUM(HD71:HG71) | HK71: =HA71 | HQ71: =SUM(HM71:HP71) | HT71: =HJ71 | HZ71: =SUM(HV71:HY71) | IC71: =HS71 | II71: =SUM(IE71:IH71) | IL71: =IB71 | IR71: =SUM(IN71:IQ71) | IU71: =IK71 | JA71: =SUM(IW71:IZ71) | JD71: =IT71 | JJ71: =SUM(JF71:JI71) | JM71: =JC71 | JS71: =SUM(JO71:JR71) | JU71: =I71+R71+AA71+AJ71+AS71+BB71+BK71+BT71+CC71+CL71+CU71+DD71+DM71+DV71+EE71+EN71+EW71+FF71+FO71+FX71+GG71+GP71+GY71+HH71+HQ71+HZ71+II71+IR71+JA71+JJ71+JS71 | JV71: =D71+M71+V71+AE71+AN71+AW71+BF71+BO71+BX71+CG71+CP71+CY71+DH71+DQ71+DZ71+EI71+ER71+FA71+FJ71+FS71+GB71+GK71+GT71+HC71+HL71+HU71+ID71+IM71+IV71+JE71+JN71 | JW71: =CHOOSE($Z$3,B71, K71, T71, AC71, AL71, AU71, BD71, BM71, BV71, CE71, CN71, CW71, DF71, DO71, DX71, EG71, EP71, EY71, FH71, FQ71, FZ71, GI71, GR71, HA71, HJ71, HS71, IB71, IK71, IT71, JC71, JL71) | JX71: =IFERROR(JU71/$Z$3,0) | JY71: =Configurações!$C$11 | JZ71: =IF(JY71=0,"— Sem meta",IF(JU71>=JY71,"✓ Atingida","Em andamento")) | KA71: =JU71+(9*0.0000001)
A72: =IF(Configurações!$B$12="","Assessor 6",Configurações!$B$12) | C72: ='Fevereiro'!$JW72 | I72: =SUM(E72:H72) | L72: =B72 | R72: =SUM(N72:Q72) | U72: =K72 | AA72: =SUM(W72:Z72) | AD72: =T72 | AJ72: =SUM(AF72:AI72) | AM72: =AC72 | AS72: =SUM(AO72:AR72) | AV72: =AL72 | BB72: =SUM(AX72:BA72) | BE72: =AU72 | BK72: =SUM(BG72:BJ72) | BN72: =BD72 | BT72: =SUM(BP72:BS72) | BW72: =BM72 | CC72: =SUM(BY72:CB72) | CF72: =BV72 | CL72: =SUM(CH72:CK72) | CO72: =CE72 | CU72: =SUM(CQ72:CT72) | CX72: =CN72 | DD72: =SUM(CZ72:DC72) | DG72: =CW72 | DM72: =SUM(DI72:DL72) | DP72: =DF72 | DV72: =SUM(DR72:DU72) | DY72: =DO72 | EE72: =SUM(EA72:ED72) | EH72: =DX72 | EN72: =SUM(EJ72:EM72) | EQ72: =EG72 | EW72: =SUM(ES72:EV72) | EZ72: =EP72 | FF72: =SUM(FB72:FE72) | FI72: =EY72 | FO72: =SUM(FK72:FN72) | FR72: =FH72 | FX72: =SUM(FT72:FW72) | GA72: =FQ72 | GG72: =SUM(GC72:GF72) | GJ72: =FZ72 | GP72: =SUM(GL72:GO72) | GS72: =GI72 | GY72: =SUM(GU72:GX72) | HB72: =GR72 | HH72: =SUM(HD72:HG72) | HK72: =HA72 | HQ72: =SUM(HM72:HP72) | HT72: =HJ72 | HZ72: =SUM(HV72:HY72) | IC72: =HS72 | II72: =SUM(IE72:IH72) | IL72: =IB72 | IR72: =SUM(IN72:IQ72) | IU72: =IK72 | JA72: =SUM(IW72:IZ72) | JD72: =IT72 | JJ72: =SUM(JF72:JI72) | JM72: =JC72 | JS72: =SUM(JO72:JR72) | JU72: =I72+R72+AA72+AJ72+AS72+BB72+BK72+BT72+CC72+CL72+CU72+DD72+DM72+DV72+EE72+EN72+EW72+FF72+FO72+FX72+GG72+GP72+GY72+HH72+HQ72+HZ72+II72+IR72+JA72+JJ72+JS72 | JV72: =D72+M72+V72+AE72+AN72+AW72+BF72+BO72+BX72+CG72+CP72+CY72+DH72+DQ72+DZ72+EI72+ER72+FA72+FJ72+FS72+GB72+GK72+GT72+HC72+HL72+HU72+ID72+IM72+IV72+JE72+JN72 | JW72: =CHOOSE($Z$3,B72, K72, T72, AC72, AL72, AU72, BD72, BM72, BV72, CE72, CN72, CW72, DF72, DO72, DX72, EG72, EP72, EY72, FH72, FQ72, FZ72, GI72, GR72, HA72, HJ72, HS72, IB72, IK72, IT72, JC72, JL72) | JX72: =IFERROR(JU72/$Z$3,0) | JY72: =Configurações!$C$12 | JZ72: =IF(JY72=0,"— Sem meta",IF(JU72>=JY72,"✓ Atingida","Em andamento")) | KA72: =JU72+(8*0.0000001)
A73: =IF(Configurações!$B$13="","Assessor 7",Configurações!$B$13) | C73: ='Fevereiro'!$JW73 | I73: =SUM(E73:H73) | L73: =B73 | R73: =SUM(N73:Q73) | U73: =K73 | AA73: =SUM(W73:Z73) | AD73: =T73 | AJ73: =SUM(AF73:AI73) | AM73: =AC73 | AS73: =SUM(AO73:AR73) | AV73: =AL73 | BB73: =SUM(AX73:BA73) | BE73: =AU73 | BK73: =SUM(BG73:BJ73) | BN73: =BD73 | BT73: =SUM(BP73:BS73) | BW73: =BM73 | CC73: =SUM(BY73:CB73) | CF73: =BV73 | CL73: =SUM(CH73:CK73) | CO73: =CE73 | CU73: =SUM(CQ73:CT73) | CX73: =CN73 | DD73: =SUM(CZ73:DC73) | DG73: =CW73 | DM73: =SUM(DI73:DL73) | DP73: =DF73 | DV73: =SUM(DR73:DU73) | DY73: =DO73 | EE73: =SUM(EA73:ED73) | EH73: =DX73 | EN73: =SUM(EJ73:EM73) | EQ73: =EG73 | EW73: =SUM(ES73:EV73) | EZ73: =EP73 | FF73: =SUM(FB73:FE73) | FI73: =EY73 | FO73: =SUM(FK73:FN73) | FR73: =FH73 | FX73: =SUM(FT73:FW73) | GA73: =FQ73 | GG73: =SUM(GC73:GF73) | GJ73: =FZ73 | GP73: =SUM(GL73:GO73) | GS73: =GI73 | GY73: =SUM(GU73:GX73) | HB73: =GR73 | HH73: =SUM(HD73:HG73) | HK73: =HA73 | HQ73: =SUM(HM73:HP73) | HT73: =HJ73 | HZ73: =SUM(HV73:HY73) | IC73: =HS73 | II73: =SUM(IE73:IH73) | IL73: =IB73 | IR73: =SUM(IN73:IQ73) | IU73: =IK73 | JA73: =SUM(IW73:IZ73) | JD73: =IT73 | JJ73: =SUM(JF73:JI73) | JM73: =JC73 | JS73: =SUM(JO73:JR73) | JU73: =I73+R73+AA73+AJ73+AS73+BB73+BK73+BT73+CC73+CL73+CU73+DD73+DM73+DV73+EE73+EN73+EW73+FF73+FO73+FX73+GG73+GP73+GY73+HH73+HQ73+HZ73+II73+IR73+JA73+JJ73+JS73 | JV73: =D73+M73+V73+AE73+AN73+AW73+BF73+BO73+BX73+CG73+CP73+CY73+DH73+DQ73+DZ73+EI73+ER73+FA73+FJ73+FS73+GB73+GK73+GT73+HC73+HL73+HU73+ID73+IM73+IV73+JE73+JN73 | JW73: =CHOOSE($Z$3,B73, K73, T73, AC73, AL73, AU73, BD73, BM73, BV73, CE73, CN73, CW73, DF73, DO73, DX73, EG73, EP73, EY73, FH73, FQ73, FZ73, GI73, GR73, HA73, HJ73, HS73, IB73, IK73, IT73, JC73, JL73) | JX73: =IFERROR(JU73/$Z$3,0) | JY73: =Configurações!$C$13 | JZ73: =IF(JY73=0,"— Sem meta",IF(JU73>=JY73,"✓ Atingida","Em andamento")) | KA73: =JU73+(7*0.0000001)
A74: =IF(Configurações!$B$14="","Assessor 8",Configurações!$B$14) | C74: ='Fevereiro'!$JW74 | I74: =SUM(E74:H74) | L74: =B74 | R74: =SUM(N74:Q74) | U74: =K74 | AA74: =SUM(W74:Z74) | AD74: =T74 | AJ74: =SUM(AF74:AI74) | AM74: =AC74 | AS74: =SUM(AO74:AR74) | AV74: =AL74 | BB74: =SUM(AX74:BA74) | BE74: =AU74 | BK74: =SUM(BG74:BJ74) | BN74: =BD74 | BT74: =SUM(BP74:BS74) | BW74: =BM74 | CC74: =SUM(BY74:CB74) | CF74: =BV74 | CL74: =SUM(CH74:CK74) | CO74: =CE74 | CU74: =SUM(CQ74:CT74) | CX74: =CN74 | DD74: =SUM(CZ74:DC74) | DG74: =CW74 | DM74: =SUM(DI74:DL74) | DP74: =DF74 | DV74: =SUM(DR74:DU74) | DY74: =DO74 | EE74: =SUM(EA74:ED74) | EH74: =DX74 | EN74: =SUM(EJ74:EM74) | EQ74: =EG74 | EW74: =SUM(ES74:EV74) | EZ74: =EP74 | FF74: =SUM(FB74:FE74) | FI74: =EY74 | FO74: =SUM(FK74:FN74) | FR74: =FH74 | FX74: =SUM(FT74:FW74) | GA74: =FQ74 | GG74: =SUM(GC74:GF74) | GJ74: =FZ74 | GP74: =SUM(GL74:GO74) | GS74: =GI74 | GY74: =SUM(GU74:GX74) | HB74: =GR74 | HH74: =SUM(HD74:HG74) | HK74: =HA74 | HQ74: =SUM(HM74:HP74) | HT74: =HJ74 | HZ74: =SUM(HV74:HY74) | IC74: =HS74 | II74: =SUM(IE74:IH74) | IL74: =IB74 | IR74: =SUM(IN74:IQ74) | IU74: =IK74 | JA74: =SUM(IW74:IZ74) | JD74: =IT74 | JJ74: =SUM(JF74:JI74) | JM74: =JC74 | JS74: =SUM(JO74:JR74) | JU74: =I74+R74+AA74+AJ74+AS74+BB74+BK74+BT74+CC74+CL74+CU74+DD74+DM74+DV74+EE74+EN74+EW74+FF74+FO74+FX74+GG74+GP74+GY74+HH74+HQ74+HZ74+II74+IR74+JA74+JJ74+JS74 | JV74: =D74+M74+V74+AE74+AN74+AW74+BF74+BO74+BX74+CG74+CP74+CY74+DH74+DQ74+DZ74+EI74+ER74+FA74+FJ74+FS74+GB74+GK74+GT74+HC74+HL74+HU74+ID74+IM74+IV74+JE74+JN74 | JW74: =CHOOSE($Z$3,B74, K74, T74, AC74, AL74, AU74, BD74, BM74, BV74, CE74, CN74, CW74, DF74, DO74, DX74, EG74, EP74, EY74, FH74, FQ74, FZ74, GI74, GR74, HA74, HJ74, HS74, IB74, IK74, IT74, JC74, JL74) | JX74: =IFERROR(JU74/$Z$3,0) | JY74: =Configurações!$C$14 | JZ74: =IF(JY74=0,"— Sem meta",IF(JU74>=JY74,"✓ Atingida","Em andamento")) | KA74: =JU74+(6*0.0000001)
A75: =IF(Configurações!$B$15="","Assessor 9",Configurações!$B$15) | C75: ='Fevereiro'!$JW75 | I75: =SUM(E75:H75) | L75: =B75 | R75: =SUM(N75:Q75) | U75: =K75 | AA75: =SUM(W75:Z75) | AD75: =T75 | AJ75: =SUM(AF75:AI75) | AM75: =AC75 | AS75: =SUM(AO75:AR75) | AV75: =AL75 | BB75: =SUM(AX75:BA75) | BE75: =AU75 | BK75: =SUM(BG75:BJ75) | BN75: =BD75 | BT75: =SUM(BP75:BS75) | BW75: =BM75 | CC75: =SUM(BY75:CB75) | CF75: =BV75 | CL75: =SUM(CH75:CK75) | CO75: =CE75 | CU75: =SUM(CQ75:CT75) | CX75: =CN75 | DD75: =SUM(CZ75:DC75) | DG75: =CW75 | DM75: =SUM(DI75:DL75) | DP75: =DF75 | DV75: =SUM(DR75:DU75) | DY75: =DO75 | EE75: =SUM(EA75:ED75) | EH75: =DX75 | EN75: =SUM(EJ75:EM75) | EQ75: =EG75 | EW75: =SUM(ES75:EV75) | EZ75: =EP75 | FF75: =SUM(FB75:FE75) | FI75: =EY75 | FO75: =SUM(FK75:FN75) | FR75: =FH75 | FX75: =SUM(FT75:FW75) | GA75: =FQ75 | GG75: =SUM(GC75:GF75) | GJ75: =FZ75 | GP75: =SUM(GL75:GO75) | GS75: =GI75 | GY75: =SUM(GU75:GX75) | HB75: =GR75 | HH75: =SUM(HD75:HG75) | HK75: =HA75 | HQ75: =SUM(HM75:HP75) | HT75: =HJ75 | HZ75: =SUM(HV75:HY75) | IC75: =HS75 | II75: =SUM(IE75:IH75) | IL75: =IB75 | IR75: =SUM(IN75:IQ75) | IU75: =IK75 | JA75: =SUM(IW75:IZ75) | JD75: =IT75 | JJ75: =SUM(JF75:JI75) | JM75: =JC75 | JS75: =SUM(JO75:JR75) | JU75: =I75+R75+AA75+AJ75+AS75+BB75+BK75+BT75+CC75+CL75+CU75+DD75+DM75+DV75+EE75+EN75+EW75+FF75+FO75+FX75+GG75+GP75+GY75+HH75+HQ75+HZ75+II75+IR75+JA75+JJ75+JS75 | JV75: =D75+M75+V75+AE75+AN75+AW75+BF75+BO75+BX75+CG75+CP75+CY75+DH75+DQ75+DZ75+EI75+ER75+FA75+FJ75+FS75+GB75+GK75+GT75+HC75+HL75+HU75+ID75+IM75+IV75+JE75+JN75 | JW75: =CHOOSE($Z$3,B75, K75, T75, AC75, AL75, AU75, BD75, BM75, BV75, CE75, CN75, CW75, DF75, DO75, DX75, EG75, EP75, EY75, FH75, FQ75, FZ75, GI75, GR75, HA75, HJ75, HS75, IB75, IK75, IT75, JC75, JL75) | JX75: =IFERROR(JU75/$Z$3,0) | JY75: =Configurações!$C$15 | JZ75: =IF(JY75=0,"— Sem meta",IF(JU75>=JY75,"✓ Atingida","Em andamento")) | KA75: =JU75+(5*0.0000001)
A76: =IF(Configurações!$B$16="","Assessor 10",Configurações!$B$16) | C76: ='Fevereiro'!$JW76 | I76: =SUM(E76:H76) | L76: =B76 | R76: =SUM(N76:Q76) | U76: =K76 | AA76: =SUM(W76:Z76) | AD76: =T76 | AJ76: =SUM(AF76:AI76) | AM76: =AC76 | AS76: =SUM(AO76:AR76) | AV76: =AL76 | BB76: =SUM(AX76:BA76) | BE76: =AU76 | BK76: =SUM(BG76:BJ76) | BN76: =BD76 | BT76: =SUM(BP76:BS76) | BW76: =BM76 | CC76: =SUM(BY76:CB76) | CF76: =BV76 | CL76: =SUM(CH76:CK76) | CO76: =CE76 | CU76: =SUM(CQ76:CT76) | CX76: =CN76 | DD76: =SUM(CZ76:DC76) | DG76: =CW76 | DM76: =SUM(DI76:DL76) | DP76: =DF76 | DV76: =SUM(DR76:DU76) | DY76: =DO76 | EE76: =SUM(EA76:ED76) | EH76: =DX76 | EN76: =SUM(EJ76:EM76) | EQ76: =EG76 | EW76: =SUM(ES76:EV76) | EZ76: =EP76 | FF76: =SUM(FB76:FE76) | FI76: =EY76 | FO76: =SUM(FK76:FN76) | FR76: =FH76 | FX76: =SUM(FT76:FW76) | GA76: =FQ76 | GG76: =SUM(GC76:GF76) | GJ76: =FZ76 | GP76: =SUM(GL76:GO76) | GS76: =GI76 | GY76: =SUM(GU76:GX76) | HB76: =GR76 | HH76: =SUM(HD76:HG76) | HK76: =HA76 | HQ76: =SUM(HM76:HP76) | HT76: =HJ76 | HZ76: =SUM(HV76:HY76) | IC76: =HS76 | II76: =SUM(IE76:IH76) | IL76: =IB76 | IR76: =SUM(IN76:IQ76) | IU76: =IK76 | JA76: =SUM(IW76:IZ76) | JD76: =IT76 | JJ76: =SUM(JF76:JI76) | JM76: =JC76 | JS76: =SUM(JO76:JR76) | JU76: =I76+R76+AA76+AJ76+AS76+BB76+BK76+BT76+CC76+CL76+CU76+DD76+DM76+DV76+EE76+EN76+EW76+FF76+FO76+FX76+GG76+GP76+GY76+HH76+HQ76+HZ76+II76+IR76+JA76+JJ76+JS76 | JV76: =D76+M76+V76+AE76+AN76+AW76+BF76+BO76+BX76+CG76+CP76+CY76+DH76+DQ76+DZ76+EI76+ER76+FA76+FJ76+FS76+GB76+GK76+GT76+HC76+HL76+HU76+ID76+IM76+IV76+JE76+JN76 | JW76: =CHOOSE($Z$3,B76, K76, T76, AC76, AL76, AU76, BD76, BM76, BV76, CE76, CN76, CW76, DF76, DO76, DX76, EG76, EP76, EY76, FH76, FQ76, FZ76, GI76, GR76, HA76, HJ76, HS76, IB76, IK76, IT76, JC76, JL76) | JX76: =IFERROR(JU76/$Z$3,0) | JY76: =Configurações!$C$16 | JZ76: =IF(JY76=0,"— Sem meta",IF(JU76>=JY76,"✓ Atingida","Em andamento")) | KA76: =JU76+(4*0.0000001)
A77: =IF(Configurações!$B$17="","Assessor 11",Configurações!$B$17) | C77: ='Fevereiro'!$JW77 | I77: =SUM(E77:H77) | L77: =B77 | R77: =SUM(N77:Q77) | U77: =K77 | AA77: =SUM(W77:Z77) | AD77: =T77 | AJ77: =SUM(AF77:AI77) | AM77: =AC77 | AS77: =SUM(AO77:AR77) | AV77: =AL77 | BB77: =SUM(AX77:BA77) | BE77: =AU77 | BK77: =SUM(BG77:BJ77) | BN77: =BD77 | BT77: =SUM(BP77:BS77) | BW77: =BM77 | CC77: =SUM(BY77:CB77) | CF77: =BV77 | CL77: =SUM(CH77:CK77) | CO77: =CE77 | CU77: =SUM(CQ77:CT77) | CX77: =CN77 | DD77: =SUM(CZ77:DC77) | DG77: =CW77 | DM77: =SUM(DI77:DL77) | DP77: =DF77 | DV77: =SUM(DR77:DU77) | DY77: =DO77 | EE77: =SUM(EA77:ED77) | EH77: =DX77 | EN77: =SUM(EJ77:EM77) | EQ77: =EG77 | EW77: =SUM(ES77:EV77) | EZ77: =EP77 | FF77: =SUM(FB77:FE77) | FI77: =EY77 | FO77: =SUM(FK77:FN77) | FR77: =FH77 | FX77: =SUM(FT77:FW77) | GA77: =FQ77 | GG77: =SUM(GC77:GF77) | GJ77: =FZ77 | GP77: =SUM(GL77:GO77) | GS77: =GI77 | GY77: =SUM(GU77:GX77) | HB77: =GR77 | HH77: =SUM(HD77:HG77) | HK77: =HA77 | HQ77: =SUM(HM77:HP77) | HT77: =HJ77 | HZ77: =SUM(HV77:HY77) | IC77: =HS77 | II77: =SUM(IE77:IH77) | IL77: =IB77 | IR77: =SUM(IN77:IQ77) | IU77: =IK77 | JA77: =SUM(IW77:IZ77) | JD77: =IT77 | JJ77: =SUM(JF77:JI77) | JM77: =JC77 | JS77: =SUM(JO77:JR77) | JU77: =I77+R77+AA77+AJ77+AS77+BB77+BK77+BT77+CC77+CL77+CU77+DD77+DM77+DV77+EE77+EN77+EW77+FF77+FO77+FX77+GG77+GP77+GY77+HH77+HQ77+HZ77+II77+IR77+JA77+JJ77+JS77 | JV77: =D77+M77+V77+AE77+AN77+AW77+BF77+BO77+BX77+CG77+CP77+CY77+DH77+DQ77+DZ77+EI77+ER77+FA77+FJ77+FS77+GB77+GK77+GT77+HC77+HL77+HU77+ID77+IM77+IV77+JE77+JN77 | JW77: =CHOOSE($Z$3,B77, K77, T77, AC77, AL77, AU77, BD77, BM77, BV77, CE77, CN77, CW77, DF77, DO77, DX77, EG77, EP77, EY77, FH77, FQ77, FZ77, GI77, GR77, HA77, HJ77, HS77, IB77, IK77, IT77, JC77, JL77) | JX77: =IFERROR(JU77/$Z$3,0) | JY77: =Configurações!$C$17 | JZ77: =IF(JY77=0,"— Sem meta",IF(JU77>=JY77,"✓ Atingida","Em andamento")) | KA77: =JU77+(3*0.0000001)
A78: =IF(Configurações!$B$18="","Assessor 12",Configurações!$B$18) | C78: ='Fevereiro'!$JW78 | I78: =SUM(E78:H78) | L78: =B78 | R78: =SUM(N78:Q78) | U78: =K78 | AA78: =SUM(W78:Z78) | AD78: =T78 | AJ78: =SUM(AF78:AI78) | AM78: =AC78 | AS78: =SUM(AO78:AR78) | AV78: =AL78 | BB78: =SUM(AX78:BA78) | BE78: =AU78 | BK78: =SUM(BG78:BJ78) | BN78: =BD78 | BT78: =SUM(BP78:BS78) | BW78: =BM78 | CC78: =SUM(BY78:CB78) | CF78: =BV78 | CL78: =SUM(CH78:CK78) | CO78: =CE78 | CU78: =SUM(CQ78:CT78) | CX78: =CN78 | DD78: =SUM(CZ78:DC78) | DG78: =CW78 | DM78: =SUM(DI78:DL78) | DP78: =DF78 | DV78: =SUM(DR78:DU78) | DY78: =DO78 | EE78: =SUM(EA78:ED78) | EH78: =DX78 | EN78: =SUM(EJ78:EM78) | EQ78: =EG78 | EW78: =SUM(ES78:EV78) | EZ78: =EP78 | FF78: =SUM(FB78:FE78) | FI78: =EY78 | FO78: =SUM(FK78:FN78) | FR78: =FH78 | FX78: =SUM(FT78:FW78) | GA78: =FQ78 | GG78: =SUM(GC78:GF78) | GJ78: =FZ78 | GP78: =SUM(GL78:GO78) | GS78: =GI78 | GY78: =SUM(GU78:GX78) | HB78: =GR78 | HH78: =SUM(HD78:HG78) | HK78: =HA78 | HQ78: =SUM(HM78:HP78) | HT78: =HJ78 | HZ78: =SUM(HV78:HY78) | IC78: =HS78 | II78: =SUM(IE78:IH78) | IL78: =IB78 | IR78: =SUM(IN78:IQ78) | IU78: =IK78 | JA78: =SUM(IW78:IZ78) | JD78: =IT78 | JJ78: =SUM(JF78:JI78) | JM78: =JC78 | JS78: =SUM(JO78:JR78) | JU78: =I78+R78+AA78+AJ78+AS78+BB78+BK78+BT78+CC78+CL78+CU78+DD78+DM78+DV78+EE78+EN78+EW78+FF78+FO78+FX78+GG78+GP78+GY78+HH78+HQ78+HZ78+II78+IR78+JA78+JJ78+JS78 | JV78: =D78+M78+V78+AE78+AN78+AW78+BF78+BO78+BX78+CG78+CP78+CY78+DH78+DQ78+DZ78+EI78+ER78+FA78+FJ78+FS78+GB78+GK78+GT78+HC78+HL78+HU78+ID78+IM78+IV78+JE78+JN78 | JW78: =CHOOSE($Z$3,B78, K78, T78, AC78, AL78, AU78, BD78, BM78, BV78, CE78, CN78, CW78, DF78, DO78, DX78, EG78, EP78, EY78, FH78, FQ78, FZ78, GI78, GR78, HA78, HJ78, HS78, IB78, IK78, IT78, JC78, JL78) | JX78: =IFERROR(JU78/$Z$3,0) | JY78: =Configurações!$C$18 | JZ78: =IF(JY78=0,"— Sem meta",IF(JU78>=JY78,"✓ Atingida","Em andamento")) | KA78: =JU78+(2*0.0000001)
A79: =IF(Configurações!$B$19="","Assessor 13",Configurações!$B$19) | C79: ='Fevereiro'!$JW79 | I79: =SUM(E79:H79) | L79: =B79 | R79: =SUM(N79:Q79) | U79: =K79 | AA79: =SUM(W79:Z79) | AD79: =T79 | AJ79: =SUM(AF79:AI79) | AM79: =AC79 | AS79: =SUM(AO79:AR79) | AV79: =AL79 | BB79: =SUM(AX79:BA79) | BE79: =AU79 | BK79: =SUM(BG79:BJ79) | BN79: =BD79 | BT79: =SUM(BP79:BS79) | BW79: =BM79 | CC79: =SUM(BY79:CB79) | CF79: =BV79 | CL79: =SUM(CH79:CK79) | CO79: =CE79 | CU79: =SUM(CQ79:CT79) | CX79: =CN79 | DD79: =SUM(CZ79:DC79) | DG79: =CW79 | DM79: =SUM(DI79:DL79) | DP79: =DF79 | DV79: =SUM(DR79:DU79) | DY79: =DO79 | EE79: =SUM(EA79:ED79) | EH79: =DX79 | EN79: =SUM(EJ79:EM79) | EQ79: =EG79 | EW79: =SUM(ES79:EV79) | EZ79: =EP79 | FF79: =SUM(FB79:FE79) | FI79: =EY79 | FO79: =SUM(FK79:FN79) | FR79: =FH79 | FX79: =SUM(FT79:FW79) | GA79: =FQ79 | GG79: =SUM(GC79:GF79) | GJ79: =FZ79 | GP79: =SUM(GL79:GO79) | GS79: =GI79 | GY79: =SUM(GU79:GX79) | HB79: =GR79 | HH79: =SUM(HD79:HG79) | HK79: =HA79 | HQ79: =SUM(HM79:HP79) | HT79: =HJ79 | HZ79: =SUM(HV79:HY79) | IC79: =HS79 | II79: =SUM(IE79:IH79) | IL79: =IB79 | IR79: =SUM(IN79:IQ79) | IU79: =IK79 | JA79: =SUM(IW79:IZ79) | JD79: =IT79 | JJ79: =SUM(JF79:JI79) | JM79: =JC79 | JS79: =SUM(JO79:JR79) | JU79: =I79+R79+AA79+AJ79+AS79+BB79+BK79+BT79+CC79+CL79+CU79+DD79+DM79+DV79+EE79+EN79+EW79+FF79+FO79+FX79+GG79+GP79+GY79+HH79+HQ79+HZ79+II79+IR79+JA79+JJ79+JS79 | JV79: =D79+M79+V79+AE79+AN79+AW79+BF79+BO79+BX79+CG79+CP79+CY79+DH79+DQ79+DZ79+EI79+ER79+FA79+FJ79+FS79+GB79+GK79+GT79+HC79+HL79+HU79+ID79+IM79+IV79+JE79+JN79 | JW79: =CHOOSE($Z$3,B79, K79, T79, AC79, AL79, AU79, BD79, BM79, BV79, CE79, CN79, CW79, DF79, DO79, DX79, EG79, EP79, EY79, FH79, FQ79, FZ79, GI79, GR79, HA79, HJ79, HS79, IB79, IK79, IT79, JC79, JL79) | JX79: =IFERROR(JU79/$Z$3,0) | JY79: =Configurações!$C$19 | JZ79: =IF(JY79=0,"— Sem meta",IF(JU79>=JY79,"✓ Atingida","Em andamento")) | KA79: =JU79+(1*0.0000001)

Sheet Abril
A1: ="ACOMPANHAMENTO DIÁRIO DE ASSESSORES — ABRIL / "&Configurações!$B$3 | KC1: Dia | KD1: Data | KE1: Produção do Dia | KF1: Captação do Dia
A2: ="Dias no mês: "&$Z$3&" | Cada assessor ocupa 1 linha. Role para a direita para ver os dias. Apenas as células destacadas em amarelo são editáveis." | KC2: 1 | KD2: =IF(1<=$Z$3,DATE(Configurações!$B$3,4,1),"") | KE2: =SUM($I$67:$I$79) | KF2: =SUM($D$67:$D$79) | KH2: COE | KI2: =SUM($E$67:$E$79)+SUM($N$67:$N$79)+SUM($W$67:$W$79)+SUM($AF$67:$AF$79)+SUM($AO$67:$AO$79)+SUM($AX$67:$AX$79)+SUM($BG$67:$BG$79)+SUM($BP$67:$BP$79)+SUM($BY$67:$BY$79)+SUM($CH$67:$CH$79)+SUM($CQ$67:$CQ$79)+SUM($CZ$67:$CZ$79)+SUM($DI$67:$DI$79)+SUM($DR$67:$DR$79)+SUM($EA$67:$EA$79)+SUM($EJ$67:$EJ$79)+SUM($ES$67:$ES$79)+SUM($FB$67:$FB$79)+SUM($FK$67:$FK$79)+SUM($FT$67:$FT$79)+SUM($GC$67:$GC$79)+SUM($GL$67:$GL$79)+SUM($GU$67:$GU$79)+SUM($HD$67:$HD$79)+SUM($HM$67:$HM$79)+SUM($HV$67:$HV$79)+SUM($IE$67:$IE$79)+SUM($IN$67:$IN$79)+SUM($IW$67:$IW$79)+SUM($JF$67:$JF$79)+SUM($JO$67:$JO$79)
Y3: Dias no mês | Z3: =DAY(EOMONTH(DATE(Configurações!$B$3,4,1),0)) | KC3: 2 | KD3: =IF(2<=$Z$3,DATE(Configurações!$B$3,4,2),"") | KE3: =SUM($R$67:$R$79) | KF3: =SUM($M$67:$M$79) | KH3: PREVIDÊNCIA | KI3: =SUM($F$67:$F$79)+SUM($O$67:$O$79)+SUM($X$67:$X$79)+SUM($AG$67:$AG$79)+SUM($AP$67:$AP$79)+SUM($AY$67:$AY$79)+SUM($BH$67:$BH$79)+SUM($BQ$67:$BQ$79)+SUM($BZ$67:$BZ$79)+SUM($CI$67:$CI$79)+SUM($CR$67:$CR$79)+SUM($DA$67:$DA$79)+SUM($DJ$67:$DJ$79)+SUM($DS$67:$DS$79)+SUM($EB$67:$EB$79)+SUM($EK$67:$EK$79)+SUM($ET$67:$ET$79)+SUM($FC$67:$FC$79)+SUM($FL$67:$FL$79)+SUM($FU$67:$FU$79)+SUM($GD$67:$GD$79)+SUM($GM$67:$GM$79)+SUM($GV$67:$GV$79)+SUM($HE$67:$HE$79)+SUM($HN$67:$HN$79)+SUM($HW$67:$HW$79)+SUM($IF$67:$IF$79)+SUM($IO$67:$IO$79)+SUM($IX$67:$IX$79)+SUM($JG$67:$JG$79)+SUM($JP$67:$JP$79)
A4: 📊 INDICADORES DO MÊS | KC4: 3 | KD4: =IF(3<=$Z$3,DATE(Configurações!$B$3,4,3),"") | KE4: =SUM($AA$67:$AA$79) | KF4: =SUM($V$67:$V$79) | KH4: CRÉDITO PRIVADO | KI4: =SUM($G$67:$G$79)+SUM($P$67:$P$79)+SUM($Y$67:$Y$79)+SUM($AH$67:$AH$79)+SUM($AQ$67:$AQ$79)+SUM($AZ$67:$AZ$79)+SUM($BI$67:$BI$79)+SUM($BR$67:$BR$79)+SUM($CA$67:$CA$79)+SUM($CJ$67:$CJ$79)+SUM($CS$67:$CS$79)+SUM($DB$67:$DB$79)+SUM($DK$67:$DK$79)+SUM($DT$67:$DT$79)+SUM($EC$67:$EC$79)+SUM($EL$67:$EL$79)+SUM($EU$67:$EU$79)+SUM($FD$67:$FD$79)+SUM($FM$67:$FM$79)+SUM($FV$67:$FV$79)+SUM($GE$67:$GE$79)+SUM($GN$67:$GN$79)+SUM($GW$67:$GW$79)+SUM($HF$67:$HF$79)+SUM($HO$67:$HO$79)+SUM($HX$67:$HX$79)+SUM($IG$67:$IG$79)+SUM($IP$67:$IP$79)+SUM($IY$67:$IY$79)+SUM($JH$67:$JH$79)+SUM($JQ$67:$JQ$79)
A5: PRODUÇÃO TOTAL DO MÊS | C5: CAPTAÇÃO LÍQUIDA DO MÊS | E5: SALDO PULSO TOTAL (ATUAL) | G5: MÉDIA DIÁRIA DA EQUIPE | I5: MELHOR DIA DE PRODUÇÃO | K5: MELHOR ASSESSOR DO MÊS | KC5: 4 | KD5: =IF(4<=$Z$3,DATE(Configurações!$B$3,4,4),"") | KE5: =SUM($AJ$67:$AJ$79) | KF5: =SUM($AE$67:$AE$79) | KH5: TÍTULOS PÚBLICOS | KI5: =SUM($H$67:$H$79)+SUM($Q$67:$Q$79)+SUM($Z$67:$Z$79)+SUM($AI$67:$AI$79)+SUM($AR$67:$AR$79)+SUM($BA$67:$BA$79)+SUM($BJ$67:$BJ$79)+SUM($BS$67:$BS$79)+SUM($CB$67:$CB$79)+SUM($CK$67:$CK$79)+SUM($CT$67:$CT$79)+SUM($DC$67:$DC$79)+SUM($DL$67:$DL$79)+SUM($DU$67:$DU$79)+SUM($ED$67:$ED$79)+SUM($EM$67:$EM$79)+SUM($EV$67:$EV$79)+SUM($FE$67:$FE$79)+SUM($FN$67:$FN$79)+SUM($FW$67:$FW$79)+SUM($GF$67:$GF$79)+SUM($GO$67:$GO$79)+SUM($GX$67:$GX$79)+SUM($HG$67:$HG$79)+SUM($HP$67:$HP$79)+SUM($HY$67:$HY$79)+SUM($IH$67:$IH$79)+SUM($IQ$67:$IQ$79)+SUM($IZ$67:$IZ$79)+SUM($JI$67:$JI$79)+SUM($JR$67:$JR$79)
A6: =SUM($JU$67:$JU$79) | C6: =SUM($JV$67:$JV$79) | E6: =SUM($JW$67:$JW$79) | G6: =IFERROR(SUM($JU$67:$JU$79)/$Z$3,0) | I6: =IFERROR("Dia "&TEXT(INDEX($KD$2:$KD$32,MATCH(MAX($KE$2:$KE$32),$KE$2:$KE$32,0)),"dd/mm")&" - "&TEXT(MAX($KE$2:$KE$32),"R$ #,##0"),"—") | K6: =IFERROR($B$14&" - "&TEXT($C$14,"R$ #,##0"),"—") | KC6: 5 | KD6: =IF(5<=$Z$3,DATE(Configurações!$B$3,4,5),"") | KE6: =SUM($AS$67:$AS$79) | KF6: =SUM($AN$67:$AN$79)
KC7: 6 | KD7: =IF(6<=$Z$3,DATE(Configurações!$B$3,4,6),"") | KE7: =SUM($BB$67:$BB$79) | KF7: =SUM($AW$67:$AW$79)
A8: 💰 TOTAIS POR PRODUTO | KC8: 7 | KD8: =IF(7<=$Z$3,DATE(Configurações!$B$3,4,7),"") | KE8: =SUM($BK$67:$BK$79) | KF8: =SUM($BF$67:$BF$79)
A9: COE | D9: PREVIDÊNCIA | G9: CRÉDITO PRIVADO | J9: TÍTULOS PÚBLICOS | KC9: 8 | KD9: =IF(8<=$Z$3,DATE(Configurações!$B$3,4,8),"") | KE9: =SUM($BT$67:$BT$79) | KF9: =SUM($BO$67:$BO$79)
A10: =SUM($E$67:$E$79)+SUM($N$67:$N$79)+SUM($W$67:$W$79)+SUM($AF$67:$AF$79)+SUM($AO$67:$AO$79)+SUM($AX$67:$AX$79)+SUM($BG$67:$BG$79)+SUM($BP$67:$BP$79)+SUM($BY$67:$BY$79)+SUM($CH$67:$CH$79)+SUM($CQ$67:$CQ$79)+SUM($CZ$67:$CZ$79)+SUM($DI$67:$DI$79)+SUM($DR$67:$DR$79)+SUM($EA$67:$EA$79)+SUM($EJ$67:$EJ$79)+SUM($ES$67:$ES$79)+SUM($FB$67:$FB$79)+SUM($FK$67:$FK$79)+SUM($FT$67:$FT$79)+SUM($GC$67:$GC$79)+SUM($GL$67:$GL$79)+SUM($GU$67:$GU$79)+SUM($HD$67:$HD$79)+SUM($HM$67:$HM$79)+SUM($HV$67:$HV$79)+SUM($IE$67:$IE$79)+SUM($IN$67:$IN$79)+SUM($IW$67:$IW$79)+SUM($JF$67:$JF$79)+SUM($JO$67:$JO$79) | D10: =SUM($F$67:$F$79)+SUM($O$67:$O$79)+SUM($X$67:$X$79)+SUM($AG$67:$AG$79)+SUM($AP$67:$AP$79)+SUM($AY$67:$AY$79)+SUM($BH$67:$BH$79)+SUM($BQ$67:$BQ$79)+SUM($BZ$67:$BZ$79)+SUM($CI$67:$CI$79)+SUM($CR$67:$CR$79)+SUM($DA$67:$DA$79)+SUM($DJ$67:$DJ$79)+SUM($DS$67:$DS$79)+SUM($EB$67:$EB$79)+SUM($EK$67:$EK$79)+SUM($ET$67:$ET$79)+SUM($FC$67:$FC$79)+SUM($FL$67:$FL$79)+SUM($FU$67:$FU$79)+SUM($GD$67:$GD$79)+SUM($GM$67:$GM$79)+SUM($GV$67:$GV$79)+SUM($HE$67:$HE$79)+SUM($HN$67:$HN$79)+SUM($HW$67:$HW$79)+SUM($IF$67:$IF$79)+SUM($IO$67:$IO$79)+SUM($IX$67:$IX$79)+SUM($JG$67:$JG$79)+SUM($JP$67:$JP$79) | G10: =SUM($G$67:$G$79)+SUM($P$67:$P$79)+SUM($Y$67:$Y$79)+SUM($AH$67:$AH$79)+SUM($AQ$67:$AQ$79)+SUM($AZ$67:$AZ$79)+SUM($BI$67:$BI$79)+SUM($BR$67:$BR$79)+SUM($CA$67:$CA$79)+SUM($CJ$67:$CJ$79)+SUM($CS$67:$CS$79)+SUM($DB$67:$DB$79)+SUM($DK$67:$DK$79)+SUM($DT$67:$DT$79)+SUM($EC$67:$EC$79)+SUM($EL$67:$EL$79)+SUM($EU$67:$EU$79)+SUM($FD$67:$FD$79)+SUM($FM$67:$FM$79)+SUM($FV$67:$FV$79)+SUM($GE$67:$GE$79)+SUM($GN$67:$GN$79)+SUM($GW$67:$GW$79)+SUM($HF$67:$HF$79)+SUM($HO$67:$HO$79)+SUM($HX$67:$HX$79)+SUM($IG$67:$IG$79)+SUM($IP$67:$IP$79)+SUM($IY$67:$IY$79)+SUM($JH$67:$JH$79)+SUM($JQ$67:$JQ$79) | J10: =SUM($H$67:$H$79)+SUM($Q$67:$Q$79)+SUM($Z$67:$Z$79)+SUM($AI$67:$AI$79)+SUM($AR$67:$AR$79)+SUM($BA$67:$BA$79)+SUM($BJ$67:$BJ$79)+SUM($BS$67:$BS$79)+SUM($CB$67:$CB$79)+SUM($CK$67:$CK$79)+SUM($CT$67:$CT$79)+SUM($DC$67:$DC$79)+SUM($DL$67:$DL$79)+SUM($DU$67:$DU$79)+SUM($ED$67:$ED$79)+SUM($EM$67:$EM$79)+SUM($EV$67:$EV$79)+SUM($FE$67:$FE$79)+SUM($FN$67:$FN$79)+SUM($FW$67:$FW$79)+SUM($GF$67:$GF$79)+SUM($GO$67:$GO$79)+SUM($GX$67:$GX$79)+SUM($HG$67:$HG$79)+SUM($HP$67:$HP$79)+SUM($HY$67:$HY$79)+SUM($IH$67:$IH$79)+SUM($IQ$67:$IQ$79)+SUM($IZ$67:$IZ$79)+SUM($JI$67:$JI$79)+SUM($JR$67:$JR$79) | KC10: 9 | KD10: =IF(9<=$Z$3,DATE(Configurações!$B$3,4,9),"") | KE10: =SUM($CC$67:$CC$79) | KF10: =SUM($BX$67:$BX$79)
KC11: 10 | KD11: =IF(10<=$Z$3,DATE(Configurações!$B$3,4,10),"") | KE11: =SUM($CL$67:$CL$79) | KF11: =SUM($CG$67:$CG$79)
A12: 🏆 RANKING DE ASSESSORES (TOP 5 EM DESTAQUE) | KC12: 11 | KD12: =IF(11<=$Z$3,DATE(Configurações!$B$3,4,11),"") | KE12: =SUM($CU$67:$CU$79) | KF12: =SUM($CP$67:$CP$79)
A13: Pos. | B13: Assessor | C13: Produção Total | D13: Captação Líquida | E13: Saldo Pulso Atual | F13: Média Diária | G13: Meta Mensal | H13: Status | KC13: 12 | KD13: =IF(12<=$Z$3,DATE(Configurações!$B$3,4,12),"") | KE13: =SUM($DD$67:$DD$79) | KF13: =SUM($CY$67:$CY$79)
A14: 1 | B14: =INDEX($A$67:$A$79,MATCH(LARGE($KA$67:$KA$79,1),$KA$67:$KA$79,0)) | C14: =INDEX($JU$67:$JU$79,MATCH(LARGE($KA$67:$KA$79,1),$KA$67:$KA$79,0)) | D14: =INDEX($JV$67:$JV$79,MATCH(LARGE($KA$67:$KA$79,1),$KA$67:$KA$79,0)) | E14: =INDEX($JW$67:$JW$79,MATCH(LARGE($KA$67:$KA$79,1),$KA$67:$KA$79,0)) | F14: =INDEX($JX$67:$JX$79,MATCH(LARGE($KA$67:$KA$79,1),$KA$67:$KA$79,0)) | G14: =INDEX($JY$67:$JY$79,MATCH(LARGE($KA$67:$KA$79,1),$KA$67:$KA$79,0)) | H14: =IF(G14=0,"— Sem meta",IF(C14>=G14,"✓ Meta atingida","Em andamento")) | KC14: 13 | KD14: =IF(13<=$Z$3,DATE(Configurações!$B$3,4,13),"") | KE14: =SUM($DM$67:$DM$79) | KF14: =SUM($DH$67:$DH$79)
A15: 2 | B15: =INDEX($A$67:$A$79,MATCH(LARGE($KA$67:$KA$79,2),$KA$67:$KA$79,0)) | C15: =INDEX($JU$67:$JU$79,MATCH(LARGE($KA$67:$KA$79,2),$KA$67:$KA$79,0)) | D15: =INDEX($JV$67:$JV$79,MATCH(LARGE($KA$67:$KA$79,2),$KA$67:$KA$79,0)) | E15: =INDEX($JW$67:$JW$79,MATCH(LARGE($KA$67:$KA$79,2),$KA$67:$KA$79,0)) | F15: =INDEX($JX$67:$JX$79,MATCH(LARGE($KA$67:$KA$79,2),$KA$67:$KA$79,0)) | G15: =INDEX($JY$67:$JY$79,MATCH(LARGE($KA$67:$KA$79,2),$KA$67:$KA$79,0)) | H15: =IF(G15=0,"— Sem meta",IF(C15>=G15,"✓ Meta atingida","Em andamento")) | KC15: 14 | KD15: =IF(14<=$Z$3,DATE(Configurações!$B$3,4,14),"") | KE15: =SUM($DV$67:$DV$79) | KF15: =SUM($DQ$67:$DQ$79)
A16: 3 | B16: =INDEX($A$67:$A$79,MATCH(LARGE($KA$67:$KA$79,3),$KA$67:$KA$79,0)) | C16: =INDEX($JU$67:$JU$79,MATCH(LARGE($KA$67:$KA$79,3),$KA$67:$KA$79,0)) | D16: =INDEX($JV$67:$JV$79,MATCH(LARGE($KA$67:$KA$79,3),$KA$67:$KA$79,0)) | E16: =INDEX($JW$67:$JW$79,MATCH(LARGE($KA$67:$KA$79,3),$KA$67:$KA$79,0)) | F16: =INDEX($JX$67:$JX$79,MATCH(LARGE($KA$67:$KA$79,3),$KA$67:$KA$79,0)) | G16: =INDEX($JY$67:$JY$79,MATCH(LARGE($KA$67:$KA$79,3),$KA$67:$KA$79,0)) | H16: =IF(G16=0,"— Sem meta",IF(C16>=G16,"✓ Meta atingida","Em andamento")) | KC16: 15 | KD16: =IF(15<=$Z$3,DATE(Configurações!$B$3,4,15),"") | KE16: =SUM($EE$67:$EE$79) | KF16: =SUM($DZ$67:$DZ$79)
A17: 4 | B17: =INDEX($A$67:$A$79,MATCH(LARGE($KA$67:$KA$79,4),$KA$67:$KA$79,0)) | C17: =INDEX($JU$67:$JU$79,MATCH(LARGE($KA$67:$KA$79,4),$KA$67:$KA$79,0)) | D17: =INDEX($JV$67:$JV$79,MATCH(LARGE($KA$67:$KA$79,4),$KA$67:$KA$79,0)) | E17: =INDEX($JW$67:$JW$79,MATCH(LARGE($KA$67:$KA$79,4),$KA$67:$KA$79,0)) | F17: =INDEX($JX$67:$JX$79,MATCH(LARGE($KA$67:$KA$79,4),$KA$67:$KA$79,0)) | G17: =INDEX($JY$67:$JY$79,MATCH(LARGE($KA$67:$KA$79,4),$KA$67:$KA$79,0)) | H17: =IF(G17=0,"— Sem meta",IF(C17>=G17,"✓ Meta atingida","Em andamento")) | KC17: 16 | KD17: =IF(16<=$Z$3,DATE(Configurações!$B$3,4,16),"") | KE17: =SUM($EN$67:$EN$79) | KF17: =SUM($EI$67:$EI$79)
A18: 5 | B18: =INDEX($A$67:$A$79,MATCH(LARGE($KA$67:$KA$79,5),$KA$67:$KA$79,0)) | C18: =INDEX($JU$67:$JU$79,MATCH(LARGE($KA$67:$KA$79,5),$KA$67:$KA$79,0)) | D18: =INDEX($JV$67:$JV$79,MATCH(LARGE($KA$67:$KA$79,5),$KA$67:$KA$79,0)) | E18: =INDEX($JW$67:$JW$79,MATCH(LARGE($KA$67:$KA$79,5),$KA$67:$KA$79,0)) | F18: =INDEX($JX$67:$JX$79,MATCH(LARGE($KA$67:$KA$79,5),$KA$67:$KA$79,0)) | G18: =INDEX($JY$67:$JY$79,MATCH(LARGE($KA$67:$KA$79,5),$KA$67:$KA$79,0)) | H18: =IF(G18=0,"— Sem meta",IF(C18>=G18,"✓ Meta atingida","Em andamento")) | KC18: 17 | KD18: =IF(17<=$Z$3,DATE(Configurações!$B$3,4,17),"") | KE18: =SUM($EW$67:$EW$79) | KF18: =SUM($ER$67:$ER$79)
A19: 6 | B19: =INDEX($A$67:$A$79,MATCH(LARGE($KA$67:$KA$79,6),$KA$67:$KA$79,0)) | C19: =INDEX($JU$67:$JU$79,MATCH(LARGE($KA$67:$KA$79,6),$KA$67:$KA$79,0)) | D19: =INDEX($JV$67:$JV$79,MATCH(LARGE($KA$67:$KA$79,6),$KA$67:$KA$79,0)) | E19: =INDEX($JW$67:$JW$79,MATCH(LARGE($KA$67:$KA$79,6),$KA$67:$KA$79,0)) | F19: =INDEX($JX$67:$JX$79,MATCH(LARGE($KA$67:$KA$79,6),$KA$67:$KA$79,0)) | G19: =INDEX($JY$67:$JY$79,MATCH(LARGE($KA$67:$KA$79,6),$KA$67:$KA$79,0)) | H19: =IF(G19=0,"— Sem meta",IF(C19>=G19,"✓ Meta atingida","Em andamento")) | KC19: 18 | KD19: =IF(18<=$Z$3,DATE(Configurações!$B$3,4,18),"") | KE19: =SUM($FF$67:$FF$79) | KF19: =SUM($FA$67:$FA$79)
A20: 7 | B20: =INDEX($A$67:$A$79,MATCH(LARGE($KA$67:$KA$79,7),$KA$67:$KA$79,0)) | C20: =INDEX($JU$67:$JU$79,MATCH(LARGE($KA$67:$KA$79,7),$KA$67:$KA$79,0)) | D20: =INDEX($JV$67:$JV$79,MATCH(LARGE($KA$67:$KA$79,7),$KA$67:$KA$79,0)) | E20: =INDEX($JW$67:$JW$79,MATCH(LARGE($KA$67:$KA$79,7),$KA$67:$KA$79,0)) | F20: =INDEX($JX$67:$JX$79,MATCH(LARGE($KA$67:$KA$79,7),$KA$67:$KA$79,0)) | G20: =INDEX($JY$67:$JY$79,MATCH(LARGE($KA$67:$KA$79,7),$KA$67:$KA$79,0)) | H20: =IF(G20=0,"— Sem meta",IF(C20>=G20,"✓ Meta atingida","Em andamento")) | KC20: 19 | KD20: =IF(19<=$Z$3,DATE(Configurações!$B$3,4,19),"") | KE20: =SUM($FO$67:$FO$79) | KF20: =SUM($FJ$67:$FJ$79)
A21: 8 | B21: =INDEX($A$67:$A$79,MATCH(LARGE($KA$67:$KA$79,8),$KA$67:$KA$79,0)) | C21: =INDEX($JU$67:$JU$79,MATCH(LARGE($KA$67:$KA$79,8),$KA$67:$KA$79,0)) | D21: =INDEX($JV$67:$JV$79,MATCH(LARGE($KA$67:$KA$79,8),$KA$67:$KA$79,0)) | E21: =INDEX($JW$67:$JW$79,MATCH(LARGE($KA$67:$KA$79,8),$KA$67:$KA$79,0)) | F21: =INDEX($JX$67:$JX$79,MATCH(LARGE($KA$67:$KA$79,8),$KA$67:$KA$79,0)) | G21: =INDEX($JY$67:$JY$79,MATCH(LARGE($KA$67:$KA$79,8),$KA$67:$KA$79,0)) | H21: =IF(G21=0,"— Sem meta",IF(C21>=G21,"✓ Meta atingida","Em andamento")) | KC21: 20 | KD21: =IF(20<=$Z$3,DATE(Configurações!$B$3,4,20),"") | KE21: =SUM($FX$67:$FX$79) | KF21: =SUM($FS$67:$FS$79)
A22: 9 | B22: =INDEX($A$67:$A$79,MATCH(LARGE($KA$67:$KA$79,9),$KA$67:$KA$79,0)) | C22: =INDEX($JU$67:$JU$79,MATCH(LARGE($KA$67:$KA$79,9),$KA$67:$KA$79,0)) | D22: =INDEX($JV$67:$JV$79,MATCH(LARGE($KA$67:$KA$79,9),$KA$67:$KA$79,0)) | E22: =INDEX($JW$67:$JW$79,MATCH(LARGE($KA$67:$KA$79,9),$KA$67:$KA$79,0)) | F22: =INDEX($JX$67:$JX$79,MATCH(LARGE($KA$67:$KA$79,9),$KA$67:$KA$79,0)) | G22: =INDEX($JY$67:$JY$79,MATCH(LARGE($KA$67:$KA$79,9),$KA$67:$KA$79,0)) | H22: =IF(G22=0,"— Sem meta",IF(C22>=G22,"✓ Meta atingida","Em andamento")) | KC22: 21 | KD22: =IF(21<=$Z$3,DATE(Configurações!$B$3,4,21),"") | KE22: =SUM($GG$67:$GG$79) | KF22: =SUM($GB$67:$GB$79)
A23: 10 | B23: =INDEX($A$67:$A$79,MATCH(LARGE($KA$67:$KA$79,10),$KA$67:$KA$79,0)) | C23: =INDEX($JU$67:$JU$79,MATCH(LARGE($KA$67:$KA$79,10),$KA$67:$KA$79,0)) | D23: =INDEX($JV$67:$JV$79,MATCH(LARGE($KA$67:$KA$79,10),$KA$67:$KA$79,0)) | E23: =INDEX($JW$67:$JW$79,MATCH(LARGE($KA$67:$KA$79,10),$KA$67:$KA$79,0)) | F23: =INDEX($JX$67:$JX$79,MATCH(LARGE($KA$67:$KA$79,10),$KA$67:$KA$79,0)) | G23: =INDEX($JY$67:$JY$79,MATCH(LARGE($KA$67:$KA$79,10),$KA$67:$KA$79,0)) | H23: =IF(G23=0,"— Sem meta",IF(C23>=G23,"✓ Meta atingida","Em andamento")) | KC23: 22 | KD23: =IF(22<=$Z$3,DATE(Configurações!$B$3,4,22),"") | KE23: =SUM($GP$67:$GP$79) | KF23: =SUM($GK$67:$GK$79)
A24: 11 | B24: =INDEX($A$67:$A$79,MATCH(LARGE($KA$67:$KA$79,11),$KA$67:$KA$79,0)) | C24: =INDEX($JU$67:$JU$79,MATCH(LARGE($KA$67:$KA$79,11),$KA$67:$KA$79,0)) | D24: =INDEX($JV$67:$JV$79,MATCH(LARGE($KA$67:$KA$79,11),$KA$67:$KA$79,0)) | E24: =INDEX($JW$67:$JW$79,MATCH(LARGE($KA$67:$KA$79,11),$KA$67:$KA$79,0)) | F24: =INDEX($JX$67:$JX$79,MATCH(LARGE($KA$67:$KA$79,11),$KA$67:$KA$79,0)) | G24: =INDEX($JY$67:$JY$79,MATCH(LARGE($KA$67:$KA$79,11),$KA$67:$KA$79,0)) | H24: =IF(G24=0,"— Sem meta",IF(C24>=G24,"✓ Meta atingida","Em andamento")) | KC24: 23 | KD24: =IF(23<=$Z$3,DATE(Configurações!$B$3,4,23),"") | KE24: =SUM($GY$67:$GY$79) | KF24: =SUM($GT$67:$GT$79)
A25: 12 | B25: =INDEX($A$67:$A$79,MATCH(LARGE($KA$67:$KA$79,12),$KA$67:$KA$79,0)) | C25: =INDEX($JU$67:$JU$79,MATCH(LARGE($KA$67:$KA$79,12),$KA$67:$KA$79,0)) | D25: =INDEX($JV$67:$JV$79,MATCH(LARGE($KA$67:$KA$79,12),$KA$67:$KA$79,0)) | E25: =INDEX($JW$67:$JW$79,MATCH(LARGE($KA$67:$KA$79,12),$KA$67:$KA$79,0)) | F25: =INDEX($JX$67:$JX$79,MATCH(LARGE($KA$67:$KA$79,12),$KA$67:$KA$79,0)) | G25: =INDEX($JY$67:$JY$79,MATCH(LARGE($KA$67:$KA$79,12),$KA$67:$KA$79,0)) | H25: =IF(G25=0,"— Sem meta",IF(C25>=G25,"✓ Meta atingida","Em andamento")) | KC25: 24 | KD25: =IF(24<=$Z$3,DATE(Configurações!$B$3,4,24),"") | KE25: =SUM($HH$67:$HH$79) | KF25: =SUM($HC$67:$HC$79)
A26: 13 | B26: =INDEX($A$67:$A$79,MATCH(LARGE($KA$67:$KA$79,13),$KA$67:$KA$79,0)) | C26: =INDEX($JU$67:$JU$79,MATCH(LARGE($KA$67:$KA$79,13),$KA$67:$KA$79,0)) | D26: =INDEX($JV$67:$JV$79,MATCH(LARGE($KA$67:$KA$79,13),$KA$67:$KA$79,0)) | E26: =INDEX($JW$67:$JW$79,MATCH(LARGE($KA$67:$KA$79,13),$KA$67:$KA$79,0)) | F26: =INDEX($JX$67:$JX$79,MATCH(LARGE($KA$67:$KA$79,13),$KA$67:$KA$79,0)) | G26: =INDEX($JY$67:$JY$79,MATCH(LARGE($KA$67:$KA$79,13),$KA$67:$KA$79,0)) | H26: =IF(G26=0,"— Sem meta",IF(C26>=G26,"✓ Meta atingida","Em andamento")) | KC26: 25 | KD26: =IF(25<=$Z$3,DATE(Configurações!$B$3,4,25),"") | KE26: =SUM($HQ$67:$HQ$79) | KF26: =SUM($HL$67:$HL$79)
KC27: 26 | KD27: =IF(26<=$Z$3,DATE(Configurações!$B$3,4,26),"") | KE27: =SUM($HZ$67:$HZ$79) | KF27: =SUM($HU$67:$HU$79)
KC28: 27 | KD28: =IF(27<=$Z$3,DATE(Configurações!$B$3,4,27),"") | KE28: =SUM($II$67:$II$79) | KF28: =SUM($ID$67:$ID$79)
KC29: 28 | KD29: =IF(28<=$Z$3,DATE(Configurações!$B$3,4,28),"") | KE29: =SUM($IR$67:$IR$79) | KF29: =SUM($IM$67:$IM$79)
KC30: 29 | KD30: =IF(29<=$Z$3,DATE(Configurações!$B$3,4,29),"") | KE30: =SUM($JA$67:$JA$79) | KF30: =SUM($IV$67:$IV$79)
KC31: 30 | KD31: =IF(30<=$Z$3,DATE(Configurações!$B$3,4,30),"") | KE31: =SUM($JJ$67:$JJ$79) | KF31: =SUM($JE$67:$JE$79)
KC32: 31 | KD32: =IF(31<=$Z$3,DATE(Configurações!$B$3,4,31),"") | KE32: =SUM($JS$67:$JS$79) | KF32: =SUM($JN$67:$JN$79)
A64: 📋 LANÇAMENTOS DIÁRIOS POR ASSESSOR (role para a direita)
A65: Assessor | B65: ="Dia 1 — "&IF(1<=$Z$3,TEXT(DATE(Configurações!$B$3,4,1),"dd/mm")&" ("&CHOOSE(WEEKDAY(DATE(Configurações!$B$3,4,1)),"Dom","Seg","Ter","Qua","Qui","Sex","Sáb")&")","—") | K65: ="Dia 2 — "&IF(2<=$Z$3,TEXT(DATE(Configurações!$B$3,4,2),"dd/mm")&" ("&CHOOSE(WEEKDAY(DATE(Configurações!$B$3,4,2)),"Dom","Seg","Ter","Qua","Qui","Sex","Sáb")&")","—") | T65: ="Dia 3 — "&IF(3<=$Z$3,TEXT(DATE(Configurações!$B$3,4,3),"dd/mm")&" ("&CHOOSE(WEEKDAY(DATE(Configurações!$B$3,4,3)),"Dom","Seg","Ter","Qua","Qui","Sex","Sáb")&")","—") | AC65: ="Dia 4 — "&IF(4<=$Z$3,TEXT(DATE(Configurações!$B$3,4,4),"dd/mm")&" ("&CHOOSE(WEEKDAY(DATE(Configurações!$B$3,4,4)),"Dom","Seg","Ter","Qua","Qui","Sex","Sáb")&")","—") | AL65: ="Dia 5 — "&IF(5<=$Z$3,TEXT(DATE(Configurações!$B$3,4,5),"dd/mm")&" ("&CHOOSE(WEEKDAY(DATE(Configurações!$B$3,4,5)),"Dom","Seg","Ter","Qua","Qui","Sex","Sáb")&")","—") | AU65: ="Dia 6 — "&IF(6<=$Z$3,TEXT(DATE(Configurações!$B$3,4,6),"dd/mm")&" ("&CHOOSE(WEEKDAY(DATE(Configurações!$B$3,4,6)),"Dom","Seg","Ter","Qua","Qui","Sex","Sáb")&")","—") | BD65: ="Dia 7 — "&IF(7<=$Z$3,TEXT(DATE(Configurações!$B$3,4,7),"dd/mm")&" ("&CHOOSE(WEEKDAY(DATE(Configurações!$B$3,4,7)),"Dom","Seg","Ter","Qua","Qui","Sex","Sáb")&")","—") | BM65: ="Dia 8 — "&IF(8<=$Z$3,TEXT(DATE(Configurações!$B$3,4,8),"dd/mm")&" ("&CHOOSE(WEEKDAY(DATE(Configurações!$B$3,4,8)),"Dom","Seg","Ter","Qua","Qui","Sex","Sáb")&")","—") | BV65: ="Dia 9 — "&IF(9<=$Z$3,TEXT(DATE(Configurações!$B$3,4,9),"dd/mm")&" ("&CHOOSE(WEEKDAY(DATE(Configurações!$B$3,4,9)),"Dom","Seg","Ter","Qua","Qui","Sex","Sáb")&")","—") | CE65: ="Dia 10 — "&IF(10<=$Z$3,TEXT(DATE(Configurações!$B$3,4,10),"dd/mm")&" ("&CHOOSE(WEEKDAY(DATE(Configurações!$B$3,4,10)),"Dom","Seg","Ter","Qua","Qui","Sex","Sáb")&")","—") | CN65: ="Dia 11 — "&IF(11<=$Z$3,TEXT(DATE(Configurações!$B$3,4,11),"dd/mm")&" ("&CHOOSE(WEEKDAY(DATE(Configurações!$B$3,4,11)),"Dom","Seg","Ter","Qua","Qui","Sex","Sáb")&")","—") | CW65: ="Dia 12 — "&IF(12<=$Z$3,TEXT(DATE(Configurações!$B$3,4,12),"dd/mm")&" ("&CHOOSE(WEEKDAY(DATE(Configurações!$B$3,4,12)),"Dom","Seg","Ter","Qua","Qui","Sex","Sáb")&")","—") | DF65: ="Dia 13 — "&IF(13<=$Z$3,TEXT(DATE(Configurações!$B$3,4,13),"dd/mm")&" ("&CHOOSE(WEEKDAY(DATE(Configurações!$B$3,4,13)),"Dom","Seg","Ter","Qua","Qui","Sex","Sáb")&")","—") | DO65: ="Dia 14 — "&IF(14<=$Z$3,TEXT(DATE(Configurações!$B$3,4,14),"dd/mm")&" ("&CHOOSE(WEEKDAY(DATE(Configurações!$B$3,4,14)),"Dom","Seg","Ter","Qua","Qui","Sex","Sáb")&")","—") | DX65: ="Dia 15 — "&IF(15<=$Z$3,TEXT(DATE(Configurações!$B$3,4,15),"dd/mm")&" ("&CHOOSE(WEEKDAY(DATE(Configurações!$B$3,4,15)),"Dom","Seg","Ter","Qua","Qui","Sex","Sáb")&")","—") | EG65: ="Dia 16 — "&IF(16<=$Z$3,TEXT(DATE(Configurações!$B$3,4,16),"dd/mm")&" ("&CHOOSE(WEEKDAY(DATE(Configurações!$B$3,4,16)),"Dom","Seg","Ter","Qua","Qui","Sex","Sáb")&")","—") | EP65: ="Dia 17 — "&IF(17<=$Z$3,TEXT(DATE(Configurações!$B$3,4,17),"dd/mm")&" ("&CHOOSE(WEEKDAY(DATE(Configurações!$B$3,4,17)),"Dom","Seg","Ter","Qua","Qui","Sex","Sáb")&")","—") | EY65: ="Dia 18 — "&IF(18<=$Z$3,TEXT(DATE(Configurações!$B$3,4,18),"dd/mm")&" ("&CHOOSE(WEEKDAY(DATE(Configurações!$B$3,4,18)),"Dom","Seg","Ter","Qua","Qui","Sex","Sáb")&")","—") | FH65: ="Dia 19 — "&IF(19<=$Z$3,TEXT(DATE(Configurações!$B$3,4,19),"dd/mm")&" ("&CHOOSE(WEEKDAY(DATE(Configurações!$B$3,4,19)),"Dom","Seg","Ter","Qua","Qui","Sex","Sáb")&")","—") | FQ65: ="Dia 20 — "&IF(20<=$Z$3,TEXT(DATE(Configurações!$B$3,4,20),"dd/mm")&" ("&CHOOSE(WEEKDAY(DATE(Configurações!$B$3,4,20)),"Dom","Seg","Ter","Qua","Qui","Sex","Sáb")&")","—") | FZ65: ="Dia 21 — "&IF(21<=$Z$3,TEXT(DATE(Configurações!$B$3,4,21),"dd/mm")&" ("&CHOOSE(WEEKDAY(DATE(Configurações!$B$3,4,21)),"Dom","Seg","Ter","Qua","Qui","Sex","Sáb")&")","—") | GI65: ="Dia 22 — "&IF(22<=$Z$3,TEXT(DATE(Configurações!$B$3,4,22),"dd/mm")&" ("&CHOOSE(WEEKDAY(DATE(Configurações!$B$3,4,22)),"Dom","Seg","Ter","Qua","Qui","Sex","Sáb")&")","—") | GR65: ="Dia 23 — "&IF(23<=$Z$3,TEXT(DATE(Configurações!$B$3,4,23),"dd/mm")&" ("&CHOOSE(WEEKDAY(DATE(Configurações!$B$3,4,23)),"Dom","Seg","Ter","Qua","Qui","Sex","Sáb")&")","—") | HA65: ="Dia 24 — "&IF(24<=$Z$3,TEXT(DATE(Configurações!$B$3,4,24),"dd/mm")&" ("&CHOOSE(WEEKDAY(DATE(Configurações!$B$3,4,24)),"Dom","Seg","Ter","Qua","Qui","Sex","Sáb")&")","—") | HJ65: ="Dia 25 — "&IF(25<=$Z$3,TEXT(DATE(Configurações!$B$3,4,25),"dd/mm")&" ("&CHOOSE(WEEKDAY(DATE(Configurações!$B$3,4,25)),"Dom","Seg","Ter","Qua","Qui","Sex","Sáb")&")","—") | HS65: ="Dia 26 — "&IF(26<=$Z$3,TEXT(DATE(Configurações!$B$3,4,26),"dd/mm")&" ("&CHOOSE(WEEKDAY(DATE(Configurações!$B$3,4,26)),"Dom","Seg","Ter","Qua","Qui","Sex","Sáb")&")","—") | IB65: ="Dia 27 — "&IF(27<=$Z$3,TEXT(DATE(Configurações!$B$3,4,27),"dd/mm")&" ("&CHOOSE(WEEKDAY(DATE(Configurações!$B$3,4,27)),"Dom","Seg","Ter","Qua","Qui","Sex","Sáb")&")","—") | IK65: ="Dia 28 — "&IF(28<=$Z$3,TEXT(DATE(Configurações!$B$3,4,28),"dd/mm")&" ("&CHOOSE(WEEKDAY(DATE(Configurações!$B$3,4,28)),"Dom","Seg","Ter","Qua","Qui","Sex","Sáb")&")","—") | IT65: ="Dia 29 — "&IF(29<=$Z$3,TEXT(DATE(Configurações!$B$3,4,29),"dd/mm")&" ("&CHOOSE(WEEKDAY(DATE(Configurações!$B$3,4,29)),"Dom","Seg","Ter","Qua","Qui","Sex","Sáb")&")","—") | JC65: ="Dia 30 — "&IF(30<=$Z$3,TEXT(DATE(Configurações!$B$3,4,30),"dd/mm")&" ("&CHOOSE(WEEKDAY(DATE(Configurações!$B$3,4,30)),"Dom","Seg","Ter","Qua","Qui","Sex","Sáb")&")","—") | JL65: ="Dia 31 — "&IF(31<=$Z$3,TEXT(DATE(Configurações!$B$3,4,31),"dd/mm")&" ("&CHOOSE(WEEKDAY(DATE(Configurações!$B$3,4,31)),"Dom","Seg","Ter","Qua","Qui","Sex","Sáb")&")","—") | JU65: Produção Total (Mês) | JV65: Captação Líquida (Mês) | JW65: Saldo Pulso Atual | JX65: Média Diária | JY65: Meta Mensal | JZ65: Status Meta
B66: Saldo Pulso | C66: Saldo Anterior | D66: Captação Líq. | E66: COE | F66: Previdência | G66: Créd. Privado | H66: Tít. Públicos | I66: Produção Tot. | J66: Obs. | K66: Saldo Pulso | L66: Saldo Anterior | M66: Captação Líq. | N66: COE | O66: Previdência | P66: Créd. Privado | Q66: Tít. Públicos | R66: Produção Tot. | S66: Obs. | T66: Saldo Pulso | U66: Saldo Anterior | V66: Captação Líq. | W66: COE | X66: Previdência | Y66: Créd. Privado | Z66: Tít. Públicos | AA66: Produção Tot. | AB66: Obs. | AC66: Saldo Pulso | AD66: Saldo Anterior | AE66: Captação Líq. | AF66: COE | AG66: Previdência | AH66: Créd. Privado | AI66: Tít. Públicos | AJ66: Produção Tot. | AK66: Obs. | AL66: Saldo Pulso | AM66: Saldo Anterior | AN66: Captação Líq. | AO66: COE | AP66: Previdência | AQ66: Créd. Privado | AR66: Tít. Públicos | AS66: Produção Tot. | AT66: Obs. | AU66: Saldo Pulso | AV66: Saldo Anterior | AW66: Captação Líq. | AX66: COE | AY66: Previdência | AZ66: Créd. Privado | BA66: Tít. Públicos | BB66: Produção Tot. | BC66: Obs. | BD66: Saldo Pulso | BE66: Saldo Anterior | BF66: Captação Líq. | BG66: COE | BH66: Previdência | BI66: Créd. Privado | BJ66: Tít. Públicos | BK66: Produção Tot. | BL66: Obs. | BM66: Saldo Pulso | BN66: Saldo Anterior | BO66: Captação Líq. | BP66: COE | BQ66: Previdência | BR66: Créd. Privado | BS66: Tít. Públicos | BT66: Produção Tot. | BU66: Obs. | BV66: Saldo Pulso | BW66: Saldo Anterior | BX66: Captação Líq. | BY66: COE | BZ66: Previdência | CA66: Créd. Privado | CB66: Tít. Públicos | CC66: Produção Tot. | CD66: Obs. | CE66: Saldo Pulso | CF66: Saldo Anterior | CG66: Captação Líq. | CH66: COE | CI66: Previdência | CJ66: Créd. Privado | CK66: Tít. Públicos | CL66: Produção Tot. | CM66: Obs. | CN66: Saldo Pulso | CO66: Saldo Anterior | CP66: Captação Líq. | CQ66: COE | CR66: Previdência | CS66: Créd. Privado | CT66: Tít. Públicos | CU66: Produção Tot. | CV66: Obs. | CW66: Saldo Pulso | CX66: Saldo Anterior | CY66: Captação Líq. | CZ66: COE | DA66: Previdência | DB66: Créd. Privado | DC66: Tít. Públicos | DD66: Produção Tot. | DE66: Obs. | DF66: Saldo Pulso | DG66: Saldo Anterior | DH66: Captação Líq. | DI66: COE | DJ66: Previdência | DK66: Créd. Privado | DL66: Tít. Públicos | DM66: Produção Tot. | DN66: Obs. | DO66: Saldo Pulso | DP66: Saldo Anterior | DQ66: Captação Líq. | DR66: COE | DS66: Previdência | DT66: Créd. Privado | DU66: Tít. Públicos | DV66: Produção Tot. | DW66: Obs. | DX66: Saldo Pulso | DY66: Saldo Anterior | DZ66: Captação Líq. | EA66: COE | EB66: Previdência | EC66: Créd. Privado | ED66: Tít. Públicos | EE66: Produção Tot. | EF66: Obs. | EG66: Saldo Pulso | EH66: Saldo Anterior | EI66: Captação Líq. | EJ66: COE | EK66: Previdência | EL66: Créd. Privado | EM66: Tít. Públicos | EN66: Produção Tot. | EO66: Obs. | EP66: Saldo Pulso | EQ66: Saldo Anterior | ER66: Captação Líq. | ES66: COE | ET66: Previdência | EU66: Créd. Privado | EV66: Tít. Públicos | EW66: Produção Tot. | EX66: Obs. | EY66: Saldo Pulso | EZ66: Saldo Anterior | FA66: Captação Líq. | FB66: COE | FC66: Previdência | FD66: Créd. Privado | FE66: Tít. Públicos | FF66: Produção Tot. | FG66: Obs. | FH66: Saldo Pulso | FI66: Saldo Anterior | FJ66: Captação Líq. | FK66: COE | FL66: Previdência | FM66: Créd. Privado | FN66: Tít. Públicos | FO66: Produção Tot. | FP66: Obs. | FQ66: Saldo Pulso | FR66: Saldo Anterior | FS66: Captação Líq. | FT66: COE | FU66: Previdência | FV66: Créd. Privado | FW66: Tít. Públicos | FX66: Produção Tot. | FY66: Obs. | FZ66: Saldo Pulso | GA66: Saldo Anterior | GB66: Captação Líq. | GC66: COE | GD66: Previdência | GE66: Créd. Privado | GF66: Tít. Públicos | GG66: Produção Tot. | GH66: Obs. | GI66: Saldo Pulso | GJ66: Saldo Anterior | GK66: Captação Líq. | GL66: COE | GM66: Previdência | GN66: Créd. Privado | GO66: Tít. Públicos | GP66: Produção Tot. | GQ66: Obs. | GR66: Saldo Pulso | GS66: Saldo Anterior | GT66: Captação Líq. | GU66: COE | GV66: Previdência | GW66: Créd. Privado | GX66: Tít. Públicos | GY66: Produção Tot. | GZ66: Obs. | HA66: Saldo Pulso | HB66: Saldo Anterior | HC66: Captação Líq. | HD66: COE | HE66: Previdência | HF66: Créd. Privado | HG66: Tít. Públicos | HH66: Produção Tot. | HI66: Obs. | HJ66: Saldo Pulso | HK66: Saldo Anterior | HL66: Captação Líq. | HM66: COE | HN66: Previdência | HO66: Créd. Privado | HP66: Tít. Públicos | HQ66: Produção Tot. | HR66: Obs. | HS66: Saldo Pulso | HT66: Saldo Anterior | HU66: Captação Líq. | HV66: COE | HW66: Previdência | HX66: Créd. Privado | HY66: Tít. Públicos | HZ66: Produção Tot. | IA66: Obs. | IB66: Saldo Pulso | IC66: Saldo Anterior | ID66: Captação Líq. | IE66: COE | IF66: Previdência | IG66: Créd. Privado | IH66: Tít. Públicos | II66: Produção Tot. | IJ66: Obs. | IK66: Saldo Pulso | IL66: Saldo Anterior | IM66: Captação Líq. | IN66: COE | IO66: Previdência | IP66: Créd. Privado | IQ66: Tít. Públicos | IR66: Produção Tot. | IS66: Obs. | IT66: Saldo Pulso | IU66: Saldo Anterior | IV66: Captação Líq. | IW66: COE | IX66: Previdência | IY66: Créd. Privado | IZ66: Tít. Públicos | JA66: Produção Tot. | JB66: Obs. | JC66: Saldo Pulso | JD66: Saldo Anterior | JE66: Captação Líq. | JF66: COE | JG66: Previdência | JH66: Créd. Privado | JI66: Tít. Públicos | JJ66: Produção Tot. | JK66: Obs. | JL66: Saldo Pulso | JM66: Saldo Anterior | JN66: Captação Líq. | JO66: COE | JP66: Previdência | JQ66: Créd. Privado | JR66: Tít. Públicos | JS66: Produção Tot. | JT66: Obs.
A67: =IF(Configurações!$B$7="","Assessor 1",Configurações!$B$7) | C67: ='Março'!$JW67 | I67: =SUM(E67:H67) | L67: =B67 | R67: =SUM(N67:Q67) | U67: =K67 | AA67: =SUM(W67:Z67) | AD67: =T67 | AJ67: =SUM(AF67:AI67) | AM67: =AC67 | AS67: =SUM(AO67:AR67) | AV67: =AL67 | BB67: =SUM(AX67:BA67) | BE67: =AU67 | BK67: =SUM(BG67:BJ67) | BN67: =BD67 | BT67: =SUM(BP67:BS67) | BW67: =BM67 | CC67: =SUM(BY67:CB67) | CF67: =BV67 | CL67: =SUM(CH67:CK67) | CO67: =CE67 | CU67: =SUM(CQ67:CT67) | CX67: =CN67 | DD67: =SUM(CZ67:DC67) | DG67: =CW67 | DM67: =SUM(DI67:DL67) | DP67: =DF67 | DV67: =SUM(DR67:DU67) | DY67: =DO67 | EE67: =SUM(EA67:ED67) | EH67: =DX67 | EN67: =SUM(EJ67:EM67) | EQ67: =EG67 | EW67: =SUM(ES67:EV67) | EZ67: =EP67 | FF67: =SUM(FB67:FE67) | FI67: =EY67 | FO67: =SUM(FK67:FN67) | FR67: =FH67 | FX67: =SUM(FT67:FW67) | GA67: =FQ67 | GG67: =SUM(GC67:GF67) | GJ67: =FZ67 | GP67: =SUM(GL67:GO67) | GS67: =GI67 | GY67: =SUM(GU67:GX67) | HB67: =GR67 | HH67: =SUM(HD67:HG67) | HK67: =HA67 | HQ67: =SUM(HM67:HP67) | HT67: =HJ67 | HZ67: =SUM(HV67:HY67) | IC67: =HS67 | II67: =SUM(IE67:IH67) | IL67: =IB67 | IR67: =SUM(IN67:IQ67) | IU67: =IK67 | JA67: =SUM(IW67:IZ67) | JD67: =IT67 | JJ67: =SUM(JF67:JI67) | JM67: =JC67 | JS67: =SUM(JO67:JR67) | JU67: =I67+R67+AA67+AJ67+AS67+BB67+BK67+BT67+CC67+CL67+CU67+DD67+DM67+DV67+EE67+EN67+EW67+FF67+FO67+FX67+GG67+GP67+GY67+HH67+HQ67+HZ67+II67+IR67+JA67+JJ67+JS67 | JV67: =D67+M67+V67+AE67+AN67+AW67+BF67+BO67+BX67+CG67+CP67+CY67+DH67+DQ67+DZ67+EI67+ER67+FA67+FJ67+FS67+GB67+GK67+GT67+HC67+HL67+HU67+ID67+IM67+IV67+JE67+JN67 | JW67: =CHOOSE($Z$3,B67, K67, T67, AC67, AL67, AU67, BD67, BM67, BV67, CE67, CN67, CW67, DF67, DO67, DX67, EG67, EP67, EY67, FH67, FQ67, FZ67, GI67, GR67, HA67, HJ67, HS67, IB67, IK67, IT67, JC67, JL67) | JX67: =IFERROR(JU67/$Z$3,0) | JY67: =Configurações!$C$7 | JZ67: =IF(JY67=0,"— Sem meta",IF(JU67>=JY67,"✓ Atingida","Em andamento")) | KA67: =JU67+(13*0.0000001)
A68: =IF(Configurações!$B$8="","Assessor 2",Configurações!$B$8) | C68: ='Março'!$JW68 | I68: =SUM(E68:H68) | L68: =B68 | R68: =SUM(N68:Q68) | U68: =K68 | AA68: =SUM(W68:Z68) | AD68: =T68 | AJ68: =SUM(AF68:AI68) | AM68: =AC68 | AS68: =SUM(AO68:AR68) | AV68: =AL68 | BB68: =SUM(AX68:BA68) | BE68: =AU68 | BK68: =SUM(BG68:BJ68) | BN68: =BD68 | BT68: =SUM(BP68:BS68) | BW68: =BM68 | CC68: =SUM(BY68:CB68) | CF68: =BV68 | CL68: =SUM(CH68:CK68) | CO68: =CE68 | CU68: =SUM(CQ68:CT68) | CX68: =CN68 | DD68: =SUM(CZ68:DC68) | DG68: =CW68 | DM68: =SUM(DI68:DL68) | DP68: =DF68 | DV68: =SUM(DR68:DU68) | DY68: =DO68 | EE68: =SUM(EA68:ED68) | EH68: =DX68 | EN68: =SUM(EJ68:EM68) | EQ68: =EG68 | EW68: =SUM(ES68:EV68) | EZ68: =EP68 | FF68: =SUM(FB68:FE68) | FI68: =EY68 | FO68: =SUM(FK68:FN68) | FR68: =FH68 | FX68: =SUM(FT68:FW68) | GA68: =FQ68 | GG68: =SUM(GC68:GF68) | GJ68: =FZ68 | GP68: =SUM(GL68:GO68) | GS68: =GI68 | GY68: =SUM(GU68:GX68) | HB68: =GR68 | HH68: =SUM(HD68:HG68) | HK68: =HA68 | HQ68: =SUM(HM68:HP68) | HT68: =HJ68 | HZ68: =SUM(HV68:HY68) | IC68: =HS68 | II68: =SUM(IE68:IH68) | IL68: =IB68 | IR68: =SUM(IN68:IQ68) | IU68: =IK68 | JA68: =SUM(IW68:IZ68) | JD68: =IT68 | JJ68: =SUM(JF68:JI68) | JM68: =JC68 | JS68: =SUM(JO68:JR68) | JU68: =I68+R68+AA68+AJ68+AS68+BB68+BK68+BT68+CC68+CL68+CU68+DD68+DM68+DV68+EE68+EN68+EW68+FF68+FO68+FX68+GG68+GP68+GY68+HH68+HQ68+HZ68+II68+IR68+JA68+JJ68+JS68 | JV68: =D68+M68+V68+AE68+AN68+AW68+BF68+BO68+BX68+CG68+CP68+CY68+DH68+DQ68+DZ68+EI68+ER68+FA68+FJ68+FS68+GB68+GK68+GT68+HC68+HL68+HU68+ID68+IM68+IV68+JE68+JN68 | JW68: =CHOOSE($Z$3,B68, K68, T68, AC68, AL68, AU68, BD68, BM68, BV68, CE68, CN68, CW68, DF68, DO68, DX68, EG68, EP68, EY68, FH68, FQ68, FZ68, GI68, GR68, HA68, HJ68, HS68, IB68, IK68, IT68, JC68, JL68) | JX68: =IFERROR(JU68/$Z$3,0) | JY68: =Configurações!$C$8 | JZ68: =IF(JY68=0,"— Sem meta",IF(JU68>=JY68,"✓ Atingida","Em andamento")) | KA68: =JU68+(12*0.0000001)
A69: =IF(Configurações!$B$9="","Assessor 3",Configurações!$B$9) | C69: ='Março'!$JW69 | I69: =SUM(E69:H69) | L69: =B69 | R69: =SUM(N69:Q69) | U69: =K69 | AA69: =SUM(W69:Z69) | AD69: =T69 | AJ69: =SUM(AF69:AI69) | AM69: =AC69 | AS69: =SUM(AO69:AR69) | AV69: =AL69 | BB69: =SUM(AX69:BA69) | BE69: =AU69 | BK69: =SUM(BG69:BJ69) | BN69: =BD69 | BT69: =SUM(BP69:BS69) | BW69: =BM69 | CC69: =SUM(BY69:CB69) | CF69: =BV69 | CL69: =SUM(CH69:CK69) | CO69: =CE69 | CU69: =SUM(CQ69:CT69) | CX69: =CN69 | DD69: =SUM(CZ69:DC69) | DG69: =CW69 | DM69: =SUM(DI69:DL69) | DP69: =DF69 | DV69: =SUM(DR69:DU69) | DY69: =DO69 | EE69: =SUM(EA69:ED69) | EH69: =DX69 | EN69: =SUM(EJ69:EM69) | EQ69: =EG69 | EW69: =SUM(ES69:EV69) | EZ69: =EP69 | FF69: =SUM(FB69:FE69) | FI69: =EY69 | FO69: =SUM(FK69:FN69) | FR69: =FH69 | FX69: =SUM(FT69:FW69) | GA69: =FQ69 | GG69: =SUM(GC69:GF69) | GJ69: =FZ69 | GP69: =SUM(GL69:GO69) | GS69: =GI69 | GY69: =SUM(GU69:GX69) | HB69: =GR69 | HH69: =SUM(HD69:HG69) | HK69: =HA69 | HQ69: =SUM(HM69:HP69) | HT69: =HJ69 | HZ69: =SUM(HV69:HY69) | IC69: =HS69 | II69: =SUM(IE69:IH69) | IL69: =IB69 | IR69: =SUM(IN69:IQ69) | IU69: =IK69 | JA69: =SUM(IW69:IZ69) | JD69: =IT69 | JJ69: =SUM(JF69:JI69) | JM69: =JC69 | JS69: =SUM(JO69:JR69) | JU69: =I69+R69+AA69+AJ69+AS69+BB69+BK69+BT69+CC69+CL69+CU69+DD69+DM69+DV69+EE69+EN69+EW69+FF69+FO69+FX69+GG69+GP69+GY69+HH69+HQ69+HZ69+II69+IR69+JA69+JJ69+JS69 | JV69: =D69+M69+V69+AE69+AN69+AW69+BF69+BO69+BX69+CG69+CP69+CY69+DH69+DQ69+DZ69+EI69+ER69+FA69+FJ69+FS69+GB69+GK69+GT69+HC69+HL69+HU69+ID69+IM69+IV69+JE69+JN69 | JW69: =CHOOSE($Z$3,B69, K69, T69, AC69, AL69, AU69, BD69, BM69, BV69, CE69, CN69, CW69, DF69, DO69, DX69, EG69, EP69, EY69, FH69, FQ69, FZ69, GI69, GR69, HA69, HJ69, HS69, IB69, IK69, IT69, JC69, JL69) | JX69: =IFERROR(JU69/$Z$3,0) | JY69: =Configurações!$C$9 | JZ69: =IF(JY69=0,"— Sem meta",IF(JU69>=JY69,"✓ Atingida","Em andamento")) | KA69: =JU69+(11*0.0000001)
A70: =IF(Configurações!$B$10="","Assessor 4",Configurações!$B$10) | C70: ='Março'!$JW70 | I70: =SUM(E70:H70) | L70: =B70 | R70: =SUM(N70:Q70) | U70: =K70 | AA70: =SUM(W70:Z70) | AD70: =T70 | AJ70: =SUM(AF70:AI70) | AM70: =AC70 | AS70: =SUM(AO70:AR70) | AV70: =AL70 | BB70: =SUM(AX70:BA70) | BE70: =AU70 | BK70: =SUM(BG70:BJ70) | BN70: =BD70 | BT70: =SUM(BP70:BS70) | BW70: =BM70 | CC70: =SUM(BY70:CB70) | CF70: =BV70 | CL70: =SUM(CH70:CK70) | CO70: =CE70 | CU70: =SUM(CQ70:CT70) | CX70: =CN70 | DD70: =SUM(CZ70:DC70) | DG70: =CW70 | DM70: =SUM(DI70:DL70) | DP70: =DF70 | DV70: =SUM(DR70:DU70) | DY70: =DO70 | EE70: =SUM(EA70:ED70) | EH70: =DX70 | EN70: =SUM(EJ70:EM70) | EQ70: =EG70 | EW70: =SUM(ES70:EV70) | EZ70: =EP70 | FF70: =SUM(FB70:FE70) | FI70: =EY70 | FO70: =SUM(FK70:FN70) | FR70: =FH70 | FX70: =SUM(FT70:FW70) | GA70: =FQ70 | GG70: =SUM(GC70:GF70) | GJ70: =FZ70 | GP70: =SUM(GL70:GO70) | GS70: =GI70 | GY70: =SUM(GU70:GX70) | HB70: =GR70 | HH70: =SUM(HD70:HG70) | HK70: =HA70 | HQ70: =SUM(HM70:HP70) | HT70: =HJ70 | HZ70: =SUM(HV70:HY70) | IC70: =HS70 | II70: =SUM(IE70:IH70) | IL70: =IB70 | IR70: =SUM(IN70:IQ70) | IU70: =IK70 | JA70: =SUM(IW70:IZ70) | JD70: =IT70 | JJ70: =SUM(JF70:JI70) | JM70: =JC70 | JS70: =SUM(JO70:JR70) | JU70: =I70+R70+AA70+AJ70+AS70+BB70+BK70+BT70+CC70+CL70+CU70+DD70+DM70+DV70+EE70+EN70+EW70+FF70+FO70+FX70+GG70+GP70+GY70+HH70+HQ70+HZ70+II70+IR70+JA70+JJ70+JS70 | JV70: =D70+M70+V70+AE70+AN70+AW70+BF70+BO70+BX70+CG70+CP70+CY70+DH70+DQ70+DZ70+EI70+ER70+FA70+FJ70+FS70+GB70+GK70+GT70+HC70+HL70+HU70+ID70+IM70+IV70+JE70+JN70 | JW70: =CHOOSE($Z$3,B70, K70, T70, AC70, AL70, AU70, BD70, BM70, BV70, CE70, CN70, CW70, DF70, DO70, DX70, EG70, EP70, EY70, FH70, FQ70, FZ70, GI70, GR70, HA70, HJ70, HS70, IB70, IK70, IT70, JC70, JL70) | JX70: =IFERROR(JU70/$Z$3,0) | JY70: =Configurações!$C$10 | JZ70: =IF(JY70=0,"— Sem meta",IF(JU70>=JY70,"✓ Atingida","Em andamento")) | KA70: =JU70+(10*0.0000001)
A71: =IF(Configurações!$B$11="","Assessor 5",Configurações!$B$11) | C71: ='Março'!$JW71 | I71: =SUM(E71:H71) | L71: =B71 | R71: =SUM(N71:Q71) | U71: =K71 | AA71: =SUM(W71:Z71) | AD71: =T71 | AJ71: =SUM(AF71:AI71) | AM71: =AC71 | AS71: =SUM(AO71:AR71) | AV71: =AL71 | BB71: =SUM(AX71:BA71) | BE71: =AU71 | BK71: =SUM(BG71:BJ71) | BN71: =BD71 | BT71: =SUM(BP71:BS71) | BW71: =BM71 | CC71: =SUM(BY71:CB71) | CF71: =BV71 | CL71: =SUM(CH71:CK71) | CO71: =CE71 | CU71: =SUM(CQ71:CT71) | CX71: =CN71 | DD71: =SUM(CZ71:DC71) | DG71: =CW71 | DM71: =SUM(DI71:DL71) | DP71: =DF71 | DV71: =SUM(DR71:DU71) | DY71: =DO71 | EE71: =SUM(EA71:ED71) | EH71: =DX71 | EN71: =SUM(EJ71:EM71) | EQ71: =EG71 | EW71: =SUM(ES71:EV71) | EZ71: =EP71 | FF71: =SUM(FB71:FE71) | FI71: =EY71 | FO71: =SUM(FK71:FN71) | FR71: =FH71 | FX71: =SUM(FT71:FW71) | GA71: =FQ71 | GG71: =SUM(GC71:GF71) | GJ71: =FZ71 | GP71: =SUM(GL71:GO71) | GS71: =GI71 | GY71: =SUM(GU71:GX71) | HB71: =GR71 | HH71: =SUM(HD71:HG71) | HK71: =HA71 | HQ71: =SUM(HM71:HP71) | HT71: =HJ71 | HZ71: =SUM(HV71:HY71) | IC71: =HS71 | II71: =SUM(IE71:IH71) | IL71: =IB71 | IR71: =SUM(IN71:IQ71) | IU71: =IK71 | JA71: =SUM(IW71:IZ71) | JD71: =IT71 | JJ71: =SUM(JF71:JI71) | JM71: =JC71 | JS71: =SUM(JO71:JR71) | JU71: =I71+R71+AA71+AJ71+AS71+BB71+BK71+BT71+CC71+CL71+CU71+DD71+DM71+DV71+EE71+EN71+EW71+FF71+FO71+FX71+GG71+GP71+GY71+HH71+HQ71+HZ71+II71+IR71+JA71+JJ71+JS71 | JV71: =D71+M71+V71+AE71+AN71+AW71+BF71+BO71+BX71+CG71+CP71+CY71+DH71+DQ71+DZ71+EI71+ER71+FA71+FJ71+FS71+GB71+GK71+GT71+HC71+HL71+HU71+ID71+IM71+IV71+JE71+JN71 | JW71: =CHOOSE($Z$3,B71, K71, T71, AC71, AL71, AU71, BD71, BM71, BV71, CE71, CN71, CW71, DF71, DO71, DX71, EG71, EP71, EY71, FH71, FQ71, FZ71, GI71, GR71, HA71, HJ71, HS71, IB71, IK71, IT71, JC71, JL71) | JX71: =IFERROR(JU71/$Z$3,0) | JY71: =Configurações!$C$11 | JZ71: =IF(JY71=0,"— Sem meta",IF(JU71>=JY71,"✓ Atingida","Em andamento")) | KA71: =JU71+(9*0.0000001)
A72: =IF(Configurações!$B$12="","Assessor 6",Configurações!$B$12) | C72: ='Março'!$JW72 | I72: =SUM(E72:H72) | L72: =B72 | R72: =SUM(N72:Q72) | U72: =K72 | AA72: =SUM(W72:Z72) | AD72: =T72 | AJ72: =SUM(AF72:AI72) | AM72: =AC72 | AS72: =SUM(AO72:AR72) | AV72: =AL72 | BB72: =SUM(AX72:BA72) | BE72: =AU72 | BK72: =SUM(BG72:BJ72) | BN72: =BD72 | BT72: =SUM(BP72:BS72) | BW72: =BM72 | CC72: =SUM(BY72:CB72) | CF72: =BV72 | CL72: =SUM(CH72:CK72) | CO72: =CE72 | CU72: =SUM(CQ72:CT72) | CX72: =CN72 | DD72: =SUM(CZ72:DC72) | DG72: =CW72 | DM72: =SUM(DI72:DL72) | DP72: =DF72 | DV72: =SUM(DR72:DU72) | DY72: =DO72 | EE72: =SUM(EA72:ED72) | EH72: =DX72 | EN72: =SUM(EJ72:EM72) | EQ72: =EG72 | EW72: =SUM(ES72:EV72) | EZ72: =EP72 | FF72: =SUM(FB72:FE72) | FI72: =EY72 | FO72: =SUM(FK72:FN72) | FR72: =FH72 | FX72: =SUM(FT72:FW72) | GA72: =FQ72 | GG72: =SUM(GC72:GF72) | GJ72: =FZ72 | GP72: =SUM(GL72:GO72) | GS72: =GI72 | GY72: =SUM(GU72:GX72) | HB72: =GR72 | HH72: =SUM(HD72:HG72) | HK72: =HA72 | HQ72: =SUM(HM72:HP72) | HT72: =HJ72 | HZ72: =SUM(HV72:HY72) | IC72: =HS72 | II72: =SUM(IE72:IH72) | IL72: =IB72 | IR72: =SUM(IN72:IQ72) | IU72: =IK72 | JA72: =SUM(IW72:IZ72) | JD72: =IT72 | JJ72: =SUM(JF72:JI72) | JM72: =JC72 | JS72: =SUM(JO72:JR72) | JU72: =I72+R72+AA72+AJ72+AS72+BB72+BK72+BT72+CC72+CL72+CU72+DD72+DM72+DV72+EE72+EN72+EW72+FF72+FO72+FX72+GG72+GP72+GY72+HH72+HQ72+HZ72+II72+IR72+JA72+JJ72+JS72 | JV72: =D72+M72+V72+AE72+AN72+AW72+BF72+BO72+BX72+CG72+CP72+CY72+DH72+DQ72+DZ72+EI72+ER72+FA72+FJ72+FS72+GB72+GK72+GT72+HC72+HL72+HU72+ID72+IM72+IV72+JE72+JN72 | JW72: =CHOOSE($Z$3,B72, K72, T72, AC72, AL72, AU72, BD72, BM72, BV72, CE72, CN72, CW72, DF72, DO72, DX72, EG72, EP72, EY72, FH72, FQ72, FZ72, GI72, GR72, HA72, HJ72, HS72, IB72, IK72, IT72, JC72, JL72) | JX72: =IFERROR(JU72/$Z$3,0) | JY72: =Configurações!$C$12 | JZ72: =IF(JY72=0,"— Sem meta",IF(JU72>=JY72,"✓ Atingida","Em andamento")) | KA72: =JU72+(8*0.0000001)
